﻿<?xml version="1.0" encoding="UTF-8"?>
<MetaDataObject xmlns="http://v8.1c.ru/8.3/MDClasses" xmlns:app="http://v8.1c.ru/8.2/managed-application/core" xmlns:cfg="http://v8.1c.ru/8.1/data/enterprise/current-config" xmlns:cmi="http://v8.1c.ru/8.2/managed-application/cmi" xmlns:ent="http://v8.1c.ru/8.1/data/enterprise" xmlns:lf="http://v8.1c.ru/8.2/managed-application/logform" xmlns:style="http://v8.1c.ru/8.1/data/ui/style" xmlns:sys="http://v8.1c.ru/8.1/data/ui/fonts/system" xmlns:v8="http://v8.1c.ru/8.1/data/core" xmlns:v8ui="http://v8.1c.ru/8.1/data/ui" xmlns:web="http://v8.1c.ru/8.1/data/ui/colors/web" xmlns:win="http://v8.1c.ru/8.1/data/ui/colors/windows" xmlns:xen="http://v8.1c.ru/8.3/xcf/enums" xmlns:xpr="http://v8.1c.ru/8.3/xcf/predef" xmlns:xr="http://v8.1c.ru/8.3/xcf/readable" xmlns:xs="http://www.w3.org/2001/XMLSchema" xmlns:xsi="http://www.w3.org/2001/XMLSchema-instance" version="2.18">
	<DataProcessor uuid="c3d73152-7499-45c0-94d9-40b232556bb4">
		<InternalInfo>
			<xr:GeneratedType name="DataProcessorObject.ITS_ПечатьДокументов" category="Object">
				<xr:TypeId>61aebe1b-bb94-4e71-8270-d0b7ab79cea9</xr:TypeId>
				<xr:ValueId>a57e0ecf-77fd-4185-b1fd-fe447bc1814a</xr:ValueId>
			</xr:GeneratedType>
			<xr:GeneratedType name="DataProcessorManager.ITS_ПечатьДокументов" category="Manager">
				<xr:TypeId>056974db-8ffc-420b-ba19-10f5a7a1c8a5</xr:TypeId>
				<xr:ValueId>b21d869c-d6d4-4f61-9424-cbf084bd8cb4</xr:ValueId>
			</xr:GeneratedType>
		</InternalInfo>
		<Properties>
			<Name>ITS_ПечатьДокументов</Name>
			<Synonym>
				<v8:item>
					<v8:lang>ru</v8:lang>
					<v8:content>Печать документов (ITS)</v8:content>
				</v8:item>
			</Synonym>
			<Comment/>
			<UseStandardCommands>true</UseStandardCommands>
			<DefaultForm/>
			<AuxiliaryForm/>
			<IncludeHelpInContents>false</IncludeHelpInContents>
			<ExtendedPresentation/>
			<Explanation/>
		</Properties>
		<ChildObjects>
			<Template>ПФ_MXL_СчетЗаказ</Template>
			<Template>ПФ_MXL_ПисьмоНаОтгрузку</Template>
			<Template>ПФ_MXL_Приложение</Template>
			<Template>ПФ_MXL_РаспоряжениеНаОтгрузкуМС</Template>
		</ChildObjects>
	</DataProcessor>
</MetaDataObject>