﻿<?xml version="1.0" encoding="UTF-8"?>
<MetaDataObject xmlns="http://v8.1c.ru/8.3/MDClasses" xmlns:app="http://v8.1c.ru/8.2/managed-application/core" xmlns:cfg="http://v8.1c.ru/8.1/data/enterprise/current-config" xmlns:cmi="http://v8.1c.ru/8.2/managed-application/cmi" xmlns:ent="http://v8.1c.ru/8.1/data/enterprise" xmlns:lf="http://v8.1c.ru/8.2/managed-application/logform" xmlns:style="http://v8.1c.ru/8.1/data/ui/style" xmlns:sys="http://v8.1c.ru/8.1/data/ui/fonts/system" xmlns:v8="http://v8.1c.ru/8.1/data/core" xmlns:v8ui="http://v8.1c.ru/8.1/data/ui" xmlns:web="http://v8.1c.ru/8.1/data/ui/colors/web" xmlns:win="http://v8.1c.ru/8.1/data/ui/colors/windows" xmlns:xen="http://v8.1c.ru/8.3/xcf/enums" xmlns:xpr="http://v8.1c.ru/8.3/xcf/predef" xmlns:xr="http://v8.1c.ru/8.3/xcf/readable" xmlns:xs="http://www.w3.org/2001/XMLSchema" xmlns:xsi="http://www.w3.org/2001/XMLSchema-instance" version="2.20">
	<Configuration uuid="56b85844-97d2-43a0-82cf-f9fbb730c65e">
		<InternalInfo>
			<xr:ContainedObject>
				<xr:ClassId>9cd510cd-abfc-11d4-9434-004095e12fc7</xr:ClassId>
				<xr:ObjectId>943c5081-7aa7-4db9-933d-bc2ce556a311</xr:ObjectId>
			</xr:ContainedObject>
			<xr:ContainedObject>
				<xr:ClassId>9fcd25a0-4822-11d4-9414-008048da11f9</xr:ClassId>
				<xr:ObjectId>9bfffc55-e0d2-44dd-b6c0-64a2bde3fb65</xr:ObjectId>
			</xr:ContainedObject>
			<xr:ContainedObject>
				<xr:ClassId>e3687481-0a87-462c-a166-9f34594f9bba</xr:ClassId>
				<xr:ObjectId>7e21a69e-4ddb-4f42-8573-1fc5248734ed</xr:ObjectId>
			</xr:ContainedObject>
			<xr:ContainedObject>
				<xr:ClassId>9de14907-ec23-4a07-96f0-85521cb6b53b</xr:ClassId>
				<xr:ObjectId>3f4a41ce-beba-4d84-b14e-052d73cf83d5</xr:ObjectId>
			</xr:ContainedObject>
			<xr:ContainedObject>
				<xr:ClassId>51f2d5d8-ea4d-4064-8892-82951750031e</xr:ClassId>
				<xr:ObjectId>637d6e02-8ef4-4f99-8fc9-2dda0ce6a9c6</xr:ObjectId>
			</xr:ContainedObject>
			<xr:ContainedObject>
				<xr:ClassId>e68182ea-4237-4383-967f-90c1e3370bc7</xr:ClassId>
				<xr:ObjectId>6c936806-37e1-4f05-95a5-21c613222324</xr:ObjectId>
			</xr:ContainedObject>
			<xr:ContainedObject>
				<xr:ClassId>fb282519-d103-4dd3-bc12-cb271d631dfc</xr:ClassId>
				<xr:ObjectId>71eb8e9a-3894-41ef-a34a-ecca1b324ae2</xr:ObjectId>
			</xr:ContainedObject>
			<xr:PropertyState>
				<xr:Property>CommandInterface</xr:Property>
				<xr:State>Extended</xr:State>
			</xr:PropertyState>
			<xr:PropertyState>
				<xr:Property>MainSectionCommandInterface</xr:Property>
				<xr:State>Extended</xr:State>
			</xr:PropertyState>
		</InternalInfo>
		<Properties>
			<ObjectBelonging>Adopted</ObjectBelonging>
			<Name>IT_Okna</Name>
			<Synonym>
				<v8:item>
					<v8:lang>ru</v8:lang>
					<v8:content>IT Okna</v8:content>
				</v8:item>
			</Synonym>
			<Comment/>
			<ConfigurationExtensionPurpose>Customization</ConfigurationExtensionPurpose>
			<KeepMappingToExtendedConfigurationObjectsByIDs>true</KeepMappingToExtendedConfigurationObjectsByIDs>
			<NamePrefix>IT_Okna_</NamePrefix>
			<ConfigurationExtensionCompatibilityMode>Version8_3_24</ConfigurationExtensionCompatibilityMode>
			<DefaultRunMode>ManagedApplication</DefaultRunMode>
			<UsePurposes>
				<v8:Value xsi:type="app:ApplicationUsePurpose">PlatformApplication</v8:Value>
			</UsePurposes>
			<ScriptVariant>Russian</ScriptVariant>
			<DefaultRoles/>
			<Vendor>MSA</Vendor>
			<Version>1.0.0.1</Version>
			<DefaultLanguage>Language.Русский</DefaultLanguage>
			<BriefInformation/>
			<DetailedInformation/>
			<Copyright>
				<v8:item>
					<v8:lang>ru</v8:lang>
					<v8:content>MSA</v8:content>
				</v8:item>
			</Copyright>
			<VendorInformationAddress/>
			<ConfigurationInformationAddress/>
			<InterfaceCompatibilityMode>TaxiEnableVersion8_2</InterfaceCompatibilityMode>
		</Properties>
		<ChildObjects>
			<Language>Русский</Language>
			<Subsystem>IT_Okna_Интеграция1С</Subsystem>
			<StyleItem>ФонУправляющегоПоля</StyleItem>
			<StyleItem>ГруппаВариантовОтчетовЦвет</StyleItem>
			<StyleItem>ЦветФонаВыделения</StyleItem>
			<StyleItem>ИтогиФон</StyleItem>
			<CommonPicture>IT_Okna_ЛоготипОсновной32</CommonPicture>
			<CommonPicture>СостоянияДокумента</CommonPicture>
			<CommonPicture>СерииНоменклатурыКолонкаСтатусов</CommonPicture>
			<CommonPicture>СтатусыУказанияСерий</CommonPicture>
			<CommonPicture>ЗаполнитьПоШаблону</CommonPicture>
			<CommonPicture>Внимание16</CommonPicture>
			<CommonPicture>Отчеты</CommonPicture>
			<CommonPicture>СостоянияСтрок</CommonPicture>
			<CommonPicture>Набор</CommonPicture>
			<CommonPicture>Наборы</CommonPicture>
			<CommonPicture>ЗаполнитьФорму</CommonPicture>
			<CommonPicture>Органайзер</CommonPicture>
			<CommonPicture>ВРасписаниеРабочегоЦентраВнесеныРучныеИзменения</CommonPicture>
			<CommonPicture>ИсключитьИзНастройкиФормированияПроводок</CommonPicture>
			<Role>IT_Okna_ПолныеПрава</Role>
			<DefinedType>Цена</DefinedType>
			<DefinedType>ДенежнаяСуммаНеотрицательная</DefinedType>
			<DefinedType>ДенежнаяСуммаЛюбогоЗнака</DefinedType>
			<Constant>ВалютаРегламентированногоУчета</Constant>
			<Catalog>Номенклатура</Catalog>
			<Catalog>СтавкиНДС</Catalog>
			<Catalog>Контрагенты</Catalog>
			<Catalog>СоглашенияСКлиентами</Catalog>
			<Catalog>Организации</Catalog>
			<Catalog>Валюты</Catalog>
			<Catalog>Склады</Catalog>
			<Catalog>СтруктураПредприятия</Catalog>
			<Catalog>Приоритеты</Catalog>
			<Catalog>Партнеры</Catalog>
			<Catalog>ДоговорыКонтрагентов</Catalog>
			<Catalog>КлючиАналитикиУчетаНоменклатуры</Catalog>
			<Catalog>СтатьиКалькуляции</Catalog>
			<Catalog>Пользователи</Catalog>
			<Document>ЗаказКлиента</Document>
			<Document>РеализацияТоваровУслуг</Document>
			<Document>ПроизводствоБезЗаказа</Document>
			<Document>ГрафикИсполненияДоговора</Document>
			<Enum>ВариантыОбеспечения</Enum>
			<Enum>СтатусыЗаказовКлиентов</Enum>
			<Enum>ФормыОплаты</Enum>
			<Enum>ТипыНалогообложенияНДС</Enum>
			<Enum>ХозяйственныеОперации</Enum>
			<Enum>СтатусыДоговоровКонтрагентов</Enum>
			<Enum>ВариантыОформленияПродажи</Enum>
			<Enum>ПорядокРасчетов</Enum>
			<Enum>ГруппировкиЗатратВПроизводствеБезЗаказа</Enum>
			<Enum>СтатусыДействияВидовЦен</Enum>
			<Enum>СпособыДоставки</Enum>
			<Enum>ВариантыВыбытияМаркируемойПродукции</Enum>
			<DataProcessor>ИнтеграцияITOkna</DataProcessor>
			<DataProcessor>ЖурналДокументовПроизводства</DataProcessor>
			<InformationRegister>IT_Okna_СоответствиеНоменклатуры</InformationRegister>
			<InformationRegister>IT_Okna_СоответствиеКонтрагентов</InformationRegister>
			<ChartOfCharacteristicTypes>СтатьиРасходов</ChartOfCharacteristicTypes>
		</ChildObjects>
	</Configuration>
</MetaDataObject>