﻿<?xml version="1.0" encoding="UTF-8"?>
<MetaDataObject xmlns="http://v8.1c.ru/8.3/MDClasses" xmlns:app="http://v8.1c.ru/8.2/managed-application/core" xmlns:cfg="http://v8.1c.ru/8.1/data/enterprise/current-config" xmlns:cmi="http://v8.1c.ru/8.2/managed-application/cmi" xmlns:ent="http://v8.1c.ru/8.1/data/enterprise" xmlns:lf="http://v8.1c.ru/8.2/managed-application/logform" xmlns:style="http://v8.1c.ru/8.1/data/ui/style" xmlns:sys="http://v8.1c.ru/8.1/data/ui/fonts/system" xmlns:v8="http://v8.1c.ru/8.1/data/core" xmlns:v8ui="http://v8.1c.ru/8.1/data/ui" xmlns:web="http://v8.1c.ru/8.1/data/ui/colors/web" xmlns:win="http://v8.1c.ru/8.1/data/ui/colors/windows" xmlns:xen="http://v8.1c.ru/8.3/xcf/enums" xmlns:xpr="http://v8.1c.ru/8.3/xcf/predef" xmlns:xr="http://v8.1c.ru/8.3/xcf/readable" xmlns:xs="http://www.w3.org/2001/XMLSchema" xmlns:xsi="http://www.w3.org/2001/XMLSchema-instance" version="2.18">
	<Enum uuid="fdc0c762-5769-43d9-87dd-2c921e3f19e8">
		<InternalInfo>
			<xr:GeneratedType name="EnumRef.ВариантыВыводаМесяцаВДатеДокумента" category="Ref">
				<xr:TypeId>e0f06d74-779c-4f53-86df-2429d19dd75f</xr:TypeId>
				<xr:ValueId>a3ae8974-830a-4b06-8823-66c16f3c4ee8</xr:ValueId>
			</xr:GeneratedType>
			<xr:GeneratedType name="EnumManager.ВариантыВыводаМесяцаВДатеДокумента" category="Manager">
				<xr:TypeId>a9048639-e803-4734-baf1-799620063d50</xr:TypeId>
				<xr:ValueId>56960ad4-ca6e-4399-8bf7-91e335753083</xr:ValueId>
			</xr:GeneratedType>
			<xr:GeneratedType name="EnumList.ВариантыВыводаМесяцаВДатеДокумента" category="List">
				<xr:TypeId>aa76f34c-3211-4d8f-ba18-d0e2a73707a5</xr:TypeId>
				<xr:ValueId>4f7e2779-4959-4d04-9b75-61da7615f581</xr:ValueId>
			</xr:GeneratedType>
		</InternalInfo>
		<Properties>
			<ObjectBelonging>Adopted</ObjectBelonging>
			<Name>ВариантыВыводаМесяцаВДатеДокумента</Name>
			<Comment/>
			<ExtendedConfigurationObject>68b3fdaf-8405-4f84-9d93-684c7e76358a</ExtendedConfigurationObject>
		</Properties>
		<ChildObjects>
			<EnumValue uuid="b4a11f88-ea47-4e05-a64b-d75d3a6c8438">
				<InternalInfo/>
				<Properties>
					<ObjectBelonging>Adopted</ObjectBelonging>
					<Name>Числом</Name>
					<Comment/>
					<ExtendedConfigurationObject>d81a84e4-e4dd-4785-8c3e-aef8be7a74e0</ExtendedConfigurationObject>
				</Properties>
			</EnumValue>
			<EnumValue uuid="58a632ae-90e8-4a48-8d0b-1a0ddfe115d6">
				<InternalInfo/>
				<Properties>
					<ObjectBelonging>Adopted</ObjectBelonging>
					<Name>Прописью</Name>
					<Comment/>
					<ExtendedConfigurationObject>425a78b3-987d-4724-8f09-af211d41ee24</ExtendedConfigurationObject>
				</Properties>
			</EnumValue>
		</ChildObjects>
	</Enum>
</MetaDataObject>