﻿<?xml version="1.0" encoding="UTF-8"?>
<MetaDataObject xmlns="http://v8.1c.ru/8.3/MDClasses" xmlns:app="http://v8.1c.ru/8.2/managed-application/core" xmlns:cfg="http://v8.1c.ru/8.1/data/enterprise/current-config" xmlns:cmi="http://v8.1c.ru/8.2/managed-application/cmi" xmlns:ent="http://v8.1c.ru/8.1/data/enterprise" xmlns:lf="http://v8.1c.ru/8.2/managed-application/logform" xmlns:style="http://v8.1c.ru/8.1/data/ui/style" xmlns:sys="http://v8.1c.ru/8.1/data/ui/fonts/system" xmlns:v8="http://v8.1c.ru/8.1/data/core" xmlns:v8ui="http://v8.1c.ru/8.1/data/ui" xmlns:web="http://v8.1c.ru/8.1/data/ui/colors/web" xmlns:win="http://v8.1c.ru/8.1/data/ui/colors/windows" xmlns:xen="http://v8.1c.ru/8.3/xcf/enums" xmlns:xpr="http://v8.1c.ru/8.3/xcf/predef" xmlns:xr="http://v8.1c.ru/8.3/xcf/readable" xmlns:xs="http://www.w3.org/2001/XMLSchema" xmlns:xsi="http://www.w3.org/2001/XMLSchema-instance" version="2.18">
	<Enum uuid="ddd970f0-bbc3-4670-9526-4c6cacdd7cd2">
		<InternalInfo>
			<xr:GeneratedType name="EnumRef.ВариантыОформленияПродажи" category="Ref">
				<xr:TypeId>7950ad3e-14c9-48a2-9656-d8fb11c905f7</xr:TypeId>
				<xr:ValueId>f7334c58-d16d-4f86-8c4c-d728b52cbe1c</xr:ValueId>
			</xr:GeneratedType>
			<xr:GeneratedType name="EnumManager.ВариантыОформленияПродажи" category="Manager">
				<xr:TypeId>c979bf76-0e7e-49ad-9bd2-fa0497679cad</xr:TypeId>
				<xr:ValueId>a12537c8-411a-4ccd-8ae5-b372cc33048a</xr:ValueId>
			</xr:GeneratedType>
			<xr:GeneratedType name="EnumList.ВариантыОформленияПродажи" category="List">
				<xr:TypeId>7be86df4-49f5-4190-9cfd-1c60e8cf6215</xr:TypeId>
				<xr:ValueId>19aaf754-600b-43cf-b6dc-8b175da9036c</xr:ValueId>
			</xr:GeneratedType>
		</InternalInfo>
		<Properties>
			<ObjectBelonging>Adopted</ObjectBelonging>
			<Name>ВариантыОформленияПродажи</Name>
			<Comment/>
			<ExtendedConfigurationObject>87b3de07-c5ac-46e3-aee9-b875ee5e2d0b</ExtendedConfigurationObject>
		</Properties>
		<ChildObjects/>
	</Enum>
</MetaDataObject>