﻿<?xml version="1.0" encoding="UTF-8"?>
<MetaDataObject xmlns="http://v8.1c.ru/8.3/MDClasses" xmlns:app="http://v8.1c.ru/8.2/managed-application/core" xmlns:cfg="http://v8.1c.ru/8.1/data/enterprise/current-config" xmlns:cmi="http://v8.1c.ru/8.2/managed-application/cmi" xmlns:ent="http://v8.1c.ru/8.1/data/enterprise" xmlns:lf="http://v8.1c.ru/8.2/managed-application/logform" xmlns:style="http://v8.1c.ru/8.1/data/ui/style" xmlns:sys="http://v8.1c.ru/8.1/data/ui/fonts/system" xmlns:v8="http://v8.1c.ru/8.1/data/core" xmlns:v8ui="http://v8.1c.ru/8.1/data/ui" xmlns:web="http://v8.1c.ru/8.1/data/ui/colors/web" xmlns:win="http://v8.1c.ru/8.1/data/ui/colors/windows" xmlns:xen="http://v8.1c.ru/8.3/xcf/enums" xmlns:xpr="http://v8.1c.ru/8.3/xcf/predef" xmlns:xr="http://v8.1c.ru/8.3/xcf/readable" xmlns:xs="http://www.w3.org/2001/XMLSchema" xmlns:xsi="http://www.w3.org/2001/XMLSchema-instance" version="2.18">
	<Enum uuid="7fd2f9f4-e5ad-4572-b5c2-f172be5df572">
		<InternalInfo>
			<xr:GeneratedType name="EnumRef.ВариантыОбеспечения" category="Ref">
				<xr:TypeId>867f1cf4-807c-477a-8e31-208345a63b85</xr:TypeId>
				<xr:ValueId>873acd51-f442-4dee-abef-83e9d8dd97a5</xr:ValueId>
			</xr:GeneratedType>
			<xr:GeneratedType name="EnumManager.ВариантыОбеспечения" category="Manager">
				<xr:TypeId>64a8925a-d580-4a90-8b5c-ab79248346ca</xr:TypeId>
				<xr:ValueId>36ac5baa-5c35-4809-9cfa-2fe19c044d89</xr:ValueId>
			</xr:GeneratedType>
			<xr:GeneratedType name="EnumList.ВариантыОбеспечения" category="List">
				<xr:TypeId>d5bb3d91-f0ee-4b29-a664-7305f1074dc0</xr:TypeId>
				<xr:ValueId>91760833-a1d5-4a0d-9167-c60b8b9903ac</xr:ValueId>
			</xr:GeneratedType>
		</InternalInfo>
		<Properties>
			<ObjectBelonging>Adopted</ObjectBelonging>
			<Name>ВариантыОбеспечения</Name>
			<Comment/>
			<ExtendedConfigurationObject>48a11946-4d50-41a7-919b-49bf18403be5</ExtendedConfigurationObject>
		</Properties>
		<ChildObjects/>
	</Enum>
</MetaDataObject>