﻿<?xml version="1.0" encoding="UTF-8"?>
<MetaDataObject xmlns="http://v8.1c.ru/8.3/MDClasses" xmlns:app="http://v8.1c.ru/8.2/managed-application/core" xmlns:cfg="http://v8.1c.ru/8.1/data/enterprise/current-config" xmlns:cmi="http://v8.1c.ru/8.2/managed-application/cmi" xmlns:ent="http://v8.1c.ru/8.1/data/enterprise" xmlns:lf="http://v8.1c.ru/8.2/managed-application/logform" xmlns:style="http://v8.1c.ru/8.1/data/ui/style" xmlns:sys="http://v8.1c.ru/8.1/data/ui/fonts/system" xmlns:v8="http://v8.1c.ru/8.1/data/core" xmlns:v8ui="http://v8.1c.ru/8.1/data/ui" xmlns:web="http://v8.1c.ru/8.1/data/ui/colors/web" xmlns:win="http://v8.1c.ru/8.1/data/ui/colors/windows" xmlns:xen="http://v8.1c.ru/8.3/xcf/enums" xmlns:xpr="http://v8.1c.ru/8.3/xcf/predef" xmlns:xr="http://v8.1c.ru/8.3/xcf/readable" xmlns:xs="http://www.w3.org/2001/XMLSchema" xmlns:xsi="http://www.w3.org/2001/XMLSchema-instance" version="2.18">
	<Enum uuid="7309adbe-0672-44eb-a913-3eb1d2e29e59">
		<InternalInfo>
			<xr:GeneratedType name="EnumRef.СпособыДоставки" category="Ref">
				<xr:TypeId>8d5a2e0f-d5e2-494c-9513-0323c17a956b</xr:TypeId>
				<xr:ValueId>b18ad5e4-97d3-4ff4-b020-dee97e6605cf</xr:ValueId>
			</xr:GeneratedType>
			<xr:GeneratedType name="EnumManager.СпособыДоставки" category="Manager">
				<xr:TypeId>75ac77a6-63f8-46d8-8dbd-8ec4393a670e</xr:TypeId>
				<xr:ValueId>7bedf1d0-ccaa-439c-b139-ba15f38740de</xr:ValueId>
			</xr:GeneratedType>
			<xr:GeneratedType name="EnumList.СпособыДоставки" category="List">
				<xr:TypeId>9b2348cb-842f-4a51-ac42-00d7c35fc689</xr:TypeId>
				<xr:ValueId>1f697986-3a6c-4466-9d03-eec5484045ee</xr:ValueId>
			</xr:GeneratedType>
		</InternalInfo>
		<Properties>
			<ObjectBelonging>Adopted</ObjectBelonging>
			<Name>СпособыДоставки</Name>
			<Comment/>
			<ExtendedConfigurationObject>e84f811f-b8c6-4c9c-9e98-f10ab90f1702</ExtendedConfigurationObject>
		</Properties>
		<ChildObjects>
			<EnumValue uuid="518d6de9-fba8-4909-8f15-e509aeeddd69">
				<InternalInfo/>
				<Properties>
					<ObjectBelonging>Adopted</ObjectBelonging>
					<Name>СиламиПеревозчикаПоАдресу</Name>
					<Comment/>
					<ExtendedConfigurationObject>066e8fb0-3813-4481-b4bf-edfafab4aed9</ExtendedConfigurationObject>
				</Properties>
			</EnumValue>
			<EnumValue uuid="987d04fd-34dd-42fe-8993-ac87a4c4af8b">
				<InternalInfo/>
				<Properties>
					<ObjectBelonging>Adopted</ObjectBelonging>
					<Name>Самовывоз</Name>
					<Comment/>
					<ExtendedConfigurationObject>f442a653-b32b-4be9-9b5e-4a5abb206d85</ExtendedConfigurationObject>
				</Properties>
			</EnumValue>
			<EnumValue uuid="903c8415-88b9-4c21-9024-4907af58597b">
				<InternalInfo/>
				<Properties>
					<ObjectBelonging>Adopted</ObjectBelonging>
					<Name>ДоКлиента</Name>
					<Comment/>
					<ExtendedConfigurationObject>3c09e30d-ef7d-4e10-9b7e-c3d470857e36</ExtendedConfigurationObject>
				</Properties>
			</EnumValue>
			<EnumValue uuid="4696110d-0416-4758-92f6-fc121db8bd35">
				<InternalInfo/>
				<Properties>
					<ObjectBelonging>Adopted</ObjectBelonging>
					<Name>СиламиПеревозчика</Name>
					<Comment/>
					<ExtendedConfigurationObject>b983ffd7-6fee-4341-823c-bc970e783c64</ExtendedConfigurationObject>
				</Properties>
			</EnumValue>
			<EnumValue uuid="8f606b39-f5b3-45a8-972b-73a8c6805f15">
				<InternalInfo/>
				<Properties>
					<ObjectBelonging>Adopted</ObjectBelonging>
					<Name>КПолучателюОпределяетСлужбаДоставки</Name>
					<Comment/>
					<ExtendedConfigurationObject>c07693f6-6c15-46b9-8ea5-6560cf995152</ExtendedConfigurationObject>
				</Properties>
			</EnumValue>
		</ChildObjects>
	</Enum>
</MetaDataObject>