﻿<?xml version="1.0" encoding="UTF-8"?>
<MetaDataObject xmlns="http://v8.1c.ru/8.3/MDClasses" xmlns:app="http://v8.1c.ru/8.2/managed-application/core" xmlns:cfg="http://v8.1c.ru/8.1/data/enterprise/current-config" xmlns:cmi="http://v8.1c.ru/8.2/managed-application/cmi" xmlns:ent="http://v8.1c.ru/8.1/data/enterprise" xmlns:lf="http://v8.1c.ru/8.2/managed-application/logform" xmlns:style="http://v8.1c.ru/8.1/data/ui/style" xmlns:sys="http://v8.1c.ru/8.1/data/ui/fonts/system" xmlns:v8="http://v8.1c.ru/8.1/data/core" xmlns:v8ui="http://v8.1c.ru/8.1/data/ui" xmlns:web="http://v8.1c.ru/8.1/data/ui/colors/web" xmlns:win="http://v8.1c.ru/8.1/data/ui/colors/windows" xmlns:xen="http://v8.1c.ru/8.3/xcf/enums" xmlns:xpr="http://v8.1c.ru/8.3/xcf/predef" xmlns:xr="http://v8.1c.ru/8.3/xcf/readable" xmlns:xs="http://www.w3.org/2001/XMLSchema" xmlns:xsi="http://www.w3.org/2001/XMLSchema-instance" version="2.18">
	<Enum uuid="8cfc4197-d9c0-4947-a567-d1e25e8e3ea9">
		<InternalInfo>
			<xr:GeneratedType name="EnumRef.СтатусыДействияВидовЦен" category="Ref">
				<xr:TypeId>fbbf6195-223d-466f-aa8c-e2c71d3644ad</xr:TypeId>
				<xr:ValueId>ac4d5f76-5711-483b-8044-254b639c7eb5</xr:ValueId>
			</xr:GeneratedType>
			<xr:GeneratedType name="EnumManager.СтатусыДействияВидовЦен" category="Manager">
				<xr:TypeId>e9630b79-80c8-477c-ab73-33eecb869fd8</xr:TypeId>
				<xr:ValueId>4313cdd4-dd42-490e-a471-2202552c4fd8</xr:ValueId>
			</xr:GeneratedType>
			<xr:GeneratedType name="EnumList.СтатусыДействияВидовЦен" category="List">
				<xr:TypeId>fe5665a6-24a2-4f31-b63b-f432947051d7</xr:TypeId>
				<xr:ValueId>33b5e112-8cc5-447a-902a-5e7da4263ab0</xr:ValueId>
			</xr:GeneratedType>
		</InternalInfo>
		<Properties>
			<ObjectBelonging>Adopted</ObjectBelonging>
			<Name>СтатусыДействияВидовЦен</Name>
			<Comment/>
			<ExtendedConfigurationObject>f059f96f-49ef-4ffe-9d56-771832f636a0</ExtendedConfigurationObject>
		</Properties>
		<ChildObjects>
			<EnumValue uuid="1eaebf07-120a-48b0-bb89-9504eae516c2">
				<InternalInfo/>
				<Properties>
					<ObjectBelonging>Adopted</ObjectBelonging>
					<Name>Действует</Name>
					<Comment/>
					<ExtendedConfigurationObject>8310e76c-109d-4afc-a081-1e46eec439c9</ExtendedConfigurationObject>
				</Properties>
			</EnumValue>
		</ChildObjects>
	</Enum>
</MetaDataObject>