﻿<?xml version="1.0" encoding="UTF-8"?>
<MetaDataObject xmlns="http://v8.1c.ru/8.3/MDClasses" xmlns:app="http://v8.1c.ru/8.2/managed-application/core" xmlns:cfg="http://v8.1c.ru/8.1/data/enterprise/current-config" xmlns:cmi="http://v8.1c.ru/8.2/managed-application/cmi" xmlns:ent="http://v8.1c.ru/8.1/data/enterprise" xmlns:lf="http://v8.1c.ru/8.2/managed-application/logform" xmlns:style="http://v8.1c.ru/8.1/data/ui/style" xmlns:sys="http://v8.1c.ru/8.1/data/ui/fonts/system" xmlns:v8="http://v8.1c.ru/8.1/data/core" xmlns:v8ui="http://v8.1c.ru/8.1/data/ui" xmlns:web="http://v8.1c.ru/8.1/data/ui/colors/web" xmlns:win="http://v8.1c.ru/8.1/data/ui/colors/windows" xmlns:xen="http://v8.1c.ru/8.3/xcf/enums" xmlns:xpr="http://v8.1c.ru/8.3/xcf/predef" xmlns:xr="http://v8.1c.ru/8.3/xcf/readable" xmlns:xs="http://www.w3.org/2001/XMLSchema" xmlns:xsi="http://www.w3.org/2001/XMLSchema-instance" version="2.18">
	<Enum uuid="c63f6ae7-c8e0-4f4a-82bc-f7b5771bb000">
		<InternalInfo>
			<xr:GeneratedType name="EnumRef.ТипыНоменклатуры" category="Ref">
				<xr:TypeId>75c33ff2-dc0b-42bc-83ef-2d73c11936e1</xr:TypeId>
				<xr:ValueId>975927fc-ab7c-4972-9eb6-05b4c94d770d</xr:ValueId>
			</xr:GeneratedType>
			<xr:GeneratedType name="EnumManager.ТипыНоменклатуры" category="Manager">
				<xr:TypeId>973ddcbc-44a6-4147-b617-7d57408c79db</xr:TypeId>
				<xr:ValueId>3f59f031-725f-4911-b791-647670d6fc09</xr:ValueId>
			</xr:GeneratedType>
			<xr:GeneratedType name="EnumList.ТипыНоменклатуры" category="List">
				<xr:TypeId>c4be0c2d-6786-424e-9f1b-e6801ada24fc</xr:TypeId>
				<xr:ValueId>90647b92-1275-4fad-8f14-78a3d7e8ed7f</xr:ValueId>
			</xr:GeneratedType>
		</InternalInfo>
		<Properties>
			<ObjectBelonging>Adopted</ObjectBelonging>
			<Name>ТипыНоменклатуры</Name>
			<Comment/>
			<ExtendedConfigurationObject>951a5403-e1a4-4484-8fda-c18df8f291d3</ExtendedConfigurationObject>
		</Properties>
		<ChildObjects/>
	</Enum>
</MetaDataObject>