﻿<?xml version="1.0" encoding="UTF-8"?>
<MetaDataObject xmlns="http://v8.1c.ru/8.3/MDClasses" xmlns:app="http://v8.1c.ru/8.2/managed-application/core" xmlns:cfg="http://v8.1c.ru/8.1/data/enterprise/current-config" xmlns:cmi="http://v8.1c.ru/8.2/managed-application/cmi" xmlns:ent="http://v8.1c.ru/8.1/data/enterprise" xmlns:lf="http://v8.1c.ru/8.2/managed-application/logform" xmlns:style="http://v8.1c.ru/8.1/data/ui/style" xmlns:sys="http://v8.1c.ru/8.1/data/ui/fonts/system" xmlns:v8="http://v8.1c.ru/8.1/data/core" xmlns:v8ui="http://v8.1c.ru/8.1/data/ui" xmlns:web="http://v8.1c.ru/8.1/data/ui/colors/web" xmlns:win="http://v8.1c.ru/8.1/data/ui/colors/windows" xmlns:xen="http://v8.1c.ru/8.3/xcf/enums" xmlns:xpr="http://v8.1c.ru/8.3/xcf/predef" xmlns:xr="http://v8.1c.ru/8.3/xcf/readable" xmlns:xs="http://www.w3.org/2001/XMLSchema" xmlns:xsi="http://www.w3.org/2001/XMLSchema-instance" version="2.18">
	<Enum uuid="e8168c38-9a8d-47f4-9444-c023968d4005">
		<InternalInfo>
			<xr:GeneratedType name="EnumRef.ТипыНалогообложенияНДС" category="Ref">
				<xr:TypeId>1f81b2fe-3543-4266-809b-ad65e1990f63</xr:TypeId>
				<xr:ValueId>e7835baf-814f-4a77-90dd-1d76a0b10ee7</xr:ValueId>
			</xr:GeneratedType>
			<xr:GeneratedType name="EnumManager.ТипыНалогообложенияНДС" category="Manager">
				<xr:TypeId>944695e6-4297-4a80-941c-2ccabf04015a</xr:TypeId>
				<xr:ValueId>d2bb9372-29da-43f5-989e-fcd1982da421</xr:ValueId>
			</xr:GeneratedType>
			<xr:GeneratedType name="EnumList.ТипыНалогообложенияНДС" category="List">
				<xr:TypeId>51e9b3a4-30c8-40ce-aa52-56b8a755472d</xr:TypeId>
				<xr:ValueId>9ed9378c-6a26-4cda-93d7-56e6e50afb0c</xr:ValueId>
			</xr:GeneratedType>
		</InternalInfo>
		<Properties>
			<ObjectBelonging>Adopted</ObjectBelonging>
			<Name>ТипыНалогообложенияНДС</Name>
			<Comment/>
			<ExtendedConfigurationObject>492f859c-898a-4672-ab31-9d0ca13acabc</ExtendedConfigurationObject>
		</Properties>
		<ChildObjects>
			<EnumValue uuid="41309762-f560-4358-b7d4-102b7ec2112e">
				<InternalInfo/>
				<Properties>
					<ObjectBelonging>Adopted</ObjectBelonging>
					<Name>ПродажаНеОблагаетсяНДС</Name>
					<Comment/>
					<ExtendedConfigurationObject>5df46640-a48c-42a3-84ec-3c9f97ce2844</ExtendedConfigurationObject>
				</Properties>
			</EnumValue>
			<EnumValue uuid="62d6bbb2-64e3-4e38-b193-8582068aac91">
				<InternalInfo/>
				<Properties>
					<ObjectBelonging>Adopted</ObjectBelonging>
					<Name>ПродажаОблагаетсяНДС</Name>
					<Comment/>
					<ExtendedConfigurationObject>507f3953-94e1-46ef-8c8d-0688fd890a1d</ExtendedConfigurationObject>
				</Properties>
			</EnumValue>
			<EnumValue uuid="e00e2100-ef30-45d7-9955-ade43ed0691d">
				<InternalInfo/>
				<Properties>
					<ObjectBelonging>Adopted</ObjectBelonging>
					<Name>ПродажаНаЭкспорт</Name>
					<Comment/>
					<ExtendedConfigurationObject>9f70eac4-2b8c-4400-9fb7-f3d4230ad33e</ExtendedConfigurationObject>
				</Properties>
			</EnumValue>
			<EnumValue uuid="07b30ea3-a5cb-4765-aaa2-6c829c069431">
				<InternalInfo/>
				<Properties>
					<ObjectBelonging>Adopted</ObjectBelonging>
					<Name>ПродажаОблагаетсяЕНВД</Name>
					<Comment/>
					<ExtendedConfigurationObject>1270ac55-6965-4dae-b63b-1266cf1cca2a</ExtendedConfigurationObject>
				</Properties>
			</EnumValue>
		</ChildObjects>
	</Enum>
</MetaDataObject>