﻿<?xml version="1.0" encoding="UTF-8"?>
<MetaDataObject xmlns="http://v8.1c.ru/8.3/MDClasses" xmlns:app="http://v8.1c.ru/8.2/managed-application/core" xmlns:cfg="http://v8.1c.ru/8.1/data/enterprise/current-config" xmlns:cmi="http://v8.1c.ru/8.2/managed-application/cmi" xmlns:ent="http://v8.1c.ru/8.1/data/enterprise" xmlns:lf="http://v8.1c.ru/8.2/managed-application/logform" xmlns:style="http://v8.1c.ru/8.1/data/ui/style" xmlns:sys="http://v8.1c.ru/8.1/data/ui/fonts/system" xmlns:v8="http://v8.1c.ru/8.1/data/core" xmlns:v8ui="http://v8.1c.ru/8.1/data/ui" xmlns:web="http://v8.1c.ru/8.1/data/ui/colors/web" xmlns:win="http://v8.1c.ru/8.1/data/ui/colors/windows" xmlns:xen="http://v8.1c.ru/8.3/xcf/enums" xmlns:xpr="http://v8.1c.ru/8.3/xcf/predef" xmlns:xr="http://v8.1c.ru/8.3/xcf/readable" xmlns:xs="http://www.w3.org/2001/XMLSchema" xmlns:xsi="http://www.w3.org/2001/XMLSchema-instance" version="2.18">
	<Enum uuid="41b444c8-3d79-4b64-9275-a2bffeeed41d">
		<InternalInfo>
			<xr:GeneratedType name="EnumRef.ФорматОбменаСБанком" category="Ref">
				<xr:TypeId>54a51bdb-3003-408c-bf6b-4f051e7ba412</xr:TypeId>
				<xr:ValueId>f86a9af3-8ba6-4c28-811a-75c3947c6a82</xr:ValueId>
			</xr:GeneratedType>
			<xr:GeneratedType name="EnumManager.ФорматОбменаСБанком" category="Manager">
				<xr:TypeId>64b3ae2e-14e4-4d15-8fd3-751c50100f81</xr:TypeId>
				<xr:ValueId>5b3ce286-a86d-49bf-81c0-d1f1344524c4</xr:ValueId>
			</xr:GeneratedType>
			<xr:GeneratedType name="EnumList.ФорматОбменаСБанком" category="List">
				<xr:TypeId>89923ca2-afc6-431a-9d7f-f4895c783721</xr:TypeId>
				<xr:ValueId>7068bad1-7552-4a17-b271-020cf39cac36</xr:ValueId>
			</xr:GeneratedType>
		</InternalInfo>
		<Properties>
			<ObjectBelonging>Adopted</ObjectBelonging>
			<Name>ФорматОбменаСБанком</Name>
			<Comment/>
			<ExtendedConfigurationObject>43faf82c-62ee-4581-9be7-44e6974ff821</ExtendedConfigurationObject>
		</Properties>
		<ChildObjects/>
	</Enum>
</MetaDataObject>