﻿<?xml version="1.0" encoding="UTF-8"?>
<MetaDataObject xmlns="http://v8.1c.ru/8.3/MDClasses" xmlns:app="http://v8.1c.ru/8.2/managed-application/core" xmlns:cfg="http://v8.1c.ru/8.1/data/enterprise/current-config" xmlns:cmi="http://v8.1c.ru/8.2/managed-application/cmi" xmlns:ent="http://v8.1c.ru/8.1/data/enterprise" xmlns:lf="http://v8.1c.ru/8.2/managed-application/logform" xmlns:style="http://v8.1c.ru/8.1/data/ui/style" xmlns:sys="http://v8.1c.ru/8.1/data/ui/fonts/system" xmlns:v8="http://v8.1c.ru/8.1/data/core" xmlns:v8ui="http://v8.1c.ru/8.1/data/ui" xmlns:web="http://v8.1c.ru/8.1/data/ui/colors/web" xmlns:win="http://v8.1c.ru/8.1/data/ui/colors/windows" xmlns:xen="http://v8.1c.ru/8.3/xcf/enums" xmlns:xpr="http://v8.1c.ru/8.3/xcf/predef" xmlns:xr="http://v8.1c.ru/8.3/xcf/readable" xmlns:xs="http://www.w3.org/2001/XMLSchema" xmlns:xsi="http://www.w3.org/2001/XMLSchema-instance" version="2.18">
	<Enum uuid="7e98dc07-3e0f-43b0-b596-42e7690cc62a">
		<InternalInfo>
			<xr:GeneratedType name="EnumRef.ХозяйственныеОперации" category="Ref">
				<xr:TypeId>32415046-64e6-4175-987a-f294f95aacf7</xr:TypeId>
				<xr:ValueId>8360a6f8-8a05-4c06-9332-07fb31b310c2</xr:ValueId>
			</xr:GeneratedType>
			<xr:GeneratedType name="EnumManager.ХозяйственныеОперации" category="Manager">
				<xr:TypeId>bd4e0e7e-e7bb-4bef-863f-ffec32c9efc6</xr:TypeId>
				<xr:ValueId>e086cf9d-d683-4ded-9d3f-edf67929916b</xr:ValueId>
			</xr:GeneratedType>
			<xr:GeneratedType name="EnumList.ХозяйственныеОперации" category="List">
				<xr:TypeId>57c32813-1116-4296-85b7-e09115265781</xr:TypeId>
				<xr:ValueId>15950821-78a3-4bc7-8f1a-c156c635b7d0</xr:ValueId>
			</xr:GeneratedType>
		</InternalInfo>
		<Properties>
			<ObjectBelonging>Adopted</ObjectBelonging>
			<Name>ХозяйственныеОперации</Name>
			<Comment/>
			<ExtendedConfigurationObject>351b0c5b-74c3-4aaa-a93b-7246b941f797</ExtendedConfigurationObject>
		</Properties>
		<ChildObjects/>
	</Enum>
</MetaDataObject>