﻿<?xml version="1.0" encoding="UTF-8"?>
<MetaDataObject xmlns="http://v8.1c.ru/8.3/MDClasses" xmlns:app="http://v8.1c.ru/8.2/managed-application/core" xmlns:cfg="http://v8.1c.ru/8.1/data/enterprise/current-config" xmlns:cmi="http://v8.1c.ru/8.2/managed-application/cmi" xmlns:ent="http://v8.1c.ru/8.1/data/enterprise" xmlns:lf="http://v8.1c.ru/8.2/managed-application/logform" xmlns:style="http://v8.1c.ru/8.1/data/ui/style" xmlns:sys="http://v8.1c.ru/8.1/data/ui/fonts/system" xmlns:v8="http://v8.1c.ru/8.1/data/core" xmlns:v8ui="http://v8.1c.ru/8.1/data/ui" xmlns:web="http://v8.1c.ru/8.1/data/ui/colors/web" xmlns:win="http://v8.1c.ru/8.1/data/ui/colors/windows" xmlns:xen="http://v8.1c.ru/8.3/xcf/enums" xmlns:xpr="http://v8.1c.ru/8.3/xcf/predef" xmlns:xr="http://v8.1c.ru/8.3/xcf/readable" xmlns:xs="http://www.w3.org/2001/XMLSchema" xmlns:xsi="http://www.w3.org/2001/XMLSchema-instance" version="2.20">
	<DataProcessor uuid="7becd8a2-9e38-474d-8ace-477d4b29db5d">
		<InternalInfo>
			<xr:GeneratedType name="DataProcessorObject.ИнтеграцияITOkna" category="Object">
				<xr:TypeId>eba31a02-d31d-4bf6-9050-9cf9048111b3</xr:TypeId>
				<xr:ValueId>4ba3a2dc-8983-499e-9937-0f6342be23da</xr:ValueId>
			</xr:GeneratedType>
			<xr:GeneratedType name="DataProcessorManager.ИнтеграцияITOkna" category="Manager">
				<xr:TypeId>27cc3986-00a2-4453-aa79-2dfcc1d0a6d7</xr:TypeId>
				<xr:ValueId>75fd90a2-0878-49ca-9f47-f5a5d612d101</xr:ValueId>
			</xr:GeneratedType>
		</InternalInfo>
		<Properties>
			<Name>ИнтеграцияITOkna</Name>
			<Synonym>
				<v8:item>
					<v8:lang>ru</v8:lang>
					<v8:content>Интеграция ITOkna</v8:content>
				</v8:item>
			</Synonym>
			<Comment/>
			<UseStandardCommands>true</UseStandardCommands>
			<DefaultForm>DataProcessor.ИнтеграцияITOkna.Form.ФормаУправляемая</DefaultForm>
			<AuxiliaryForm/>
			<IncludeHelpInContents>false</IncludeHelpInContents>
			<ExtendedPresentation/>
			<Explanation/>
		</Properties>
		<ChildObjects>
			<Form>ФормаУправляемая</Form>
			<Form>Настройки</Form>
			<Form>СоответствиеНоменклатуры</Form>
			<Form>СоответствиеКонтрагентов</Form>
		</ChildObjects>
	</DataProcessor>
</MetaDataObject>