﻿<?xml version="1.0" encoding="UTF-8"?>
<MetaDataObject xmlns="http://v8.1c.ru/8.3/MDClasses" xmlns:app="http://v8.1c.ru/8.2/managed-application/core" xmlns:cfg="http://v8.1c.ru/8.1/data/enterprise/current-config" xmlns:cmi="http://v8.1c.ru/8.2/managed-application/cmi" xmlns:ent="http://v8.1c.ru/8.1/data/enterprise" xmlns:lf="http://v8.1c.ru/8.2/managed-application/logform" xmlns:style="http://v8.1c.ru/8.1/data/ui/style" xmlns:sys="http://v8.1c.ru/8.1/data/ui/fonts/system" xmlns:v8="http://v8.1c.ru/8.1/data/core" xmlns:v8ui="http://v8.1c.ru/8.1/data/ui" xmlns:web="http://v8.1c.ru/8.1/data/ui/colors/web" xmlns:win="http://v8.1c.ru/8.1/data/ui/colors/windows" xmlns:xen="http://v8.1c.ru/8.3/xcf/enums" xmlns:xpr="http://v8.1c.ru/8.3/xcf/predef" xmlns:xr="http://v8.1c.ru/8.3/xcf/readable" xmlns:xs="http://www.w3.org/2001/XMLSchema" xmlns:xsi="http://www.w3.org/2001/XMLSchema-instance" version="2.20">
	<Catalog uuid="ff0a95ad-993a-46d3-b9a7-276d91eb978c">
		<InternalInfo>
			<xr:GeneratedType name="CatalogObject.Валюты" category="Object">
				<xr:TypeId>c9858021-ef13-41fa-b94d-8496e3b25f72</xr:TypeId>
				<xr:ValueId>0e4f2ffe-669e-4118-afe9-7823144ecb42</xr:ValueId>
			</xr:GeneratedType>
			<xr:GeneratedType name="CatalogRef.Валюты" category="Ref">
				<xr:TypeId>de18d9ee-1ad2-43b5-8d77-c27ee95b5ae2</xr:TypeId>
				<xr:ValueId>66309c01-4858-43c3-adb6-324ebf688a3a</xr:ValueId>
			</xr:GeneratedType>
			<xr:GeneratedType name="CatalogSelection.Валюты" category="Selection">
				<xr:TypeId>f795bc47-ed5d-435e-8090-b08aadc96c0a</xr:TypeId>
				<xr:ValueId>667e61e0-2196-4ae2-9985-77aa30b6dac9</xr:ValueId>
			</xr:GeneratedType>
			<xr:GeneratedType name="CatalogList.Валюты" category="List">
				<xr:TypeId>0ccf78dc-f9ff-4048-b851-228a247cffba</xr:TypeId>
				<xr:ValueId>7af35b57-0c88-4bde-b0f3-47250b369ce7</xr:ValueId>
			</xr:GeneratedType>
			<xr:GeneratedType name="CatalogManager.Валюты" category="Manager">
				<xr:TypeId>650d99a7-36f7-476e-ba78-6d738ad0cb8e</xr:TypeId>
				<xr:ValueId>8d387895-c262-4026-b9f9-15d44cb9a53b</xr:ValueId>
			</xr:GeneratedType>
		</InternalInfo>
		<Properties>
			<ObjectBelonging>Adopted</ObjectBelonging>
			<Name>Валюты</Name>
			<Comment/>
			<ExtendedConfigurationObject>7aadbb67-f93e-43bb-9f53-f14d2c2a347a</ExtendedConfigurationObject>
		</Properties>
		<ChildObjects/>
	</Catalog>
</MetaDataObject>