﻿<?xml version="1.0" encoding="UTF-8"?>
<MetaDataObject xmlns="http://v8.1c.ru/8.3/MDClasses" xmlns:app="http://v8.1c.ru/8.2/managed-application/core" xmlns:cfg="http://v8.1c.ru/8.1/data/enterprise/current-config" xmlns:cmi="http://v8.1c.ru/8.2/managed-application/cmi" xmlns:ent="http://v8.1c.ru/8.1/data/enterprise" xmlns:lf="http://v8.1c.ru/8.2/managed-application/logform" xmlns:style="http://v8.1c.ru/8.1/data/ui/style" xmlns:sys="http://v8.1c.ru/8.1/data/ui/fonts/system" xmlns:v8="http://v8.1c.ru/8.1/data/core" xmlns:v8ui="http://v8.1c.ru/8.1/data/ui" xmlns:web="http://v8.1c.ru/8.1/data/ui/colors/web" xmlns:win="http://v8.1c.ru/8.1/data/ui/colors/windows" xmlns:xen="http://v8.1c.ru/8.3/xcf/enums" xmlns:xpr="http://v8.1c.ru/8.3/xcf/predef" xmlns:xr="http://v8.1c.ru/8.3/xcf/readable" xmlns:xs="http://www.w3.org/2001/XMLSchema" xmlns:xsi="http://www.w3.org/2001/XMLSchema-instance" version="2.20">
	<Catalog uuid="1050b6ba-4ce1-4764-a6a0-549b96b5bbd9">
		<InternalInfo>
			<xr:GeneratedType name="CatalogObject.ДоговорыКонтрагентов" category="Object">
				<xr:TypeId>b5f0489f-dcef-44c6-95ce-f12d7ee74677</xr:TypeId>
				<xr:ValueId>02861018-0920-4798-9fb6-46525e9c209a</xr:ValueId>
			</xr:GeneratedType>
			<xr:GeneratedType name="CatalogRef.ДоговорыКонтрагентов" category="Ref">
				<xr:TypeId>af8f03a0-be06-44b9-9fe7-1424b8fccaa0</xr:TypeId>
				<xr:ValueId>bf292482-b756-4f6c-9c49-266ba4f1147b</xr:ValueId>
			</xr:GeneratedType>
			<xr:GeneratedType name="CatalogSelection.ДоговорыКонтрагентов" category="Selection">
				<xr:TypeId>6379705f-d7c2-4ec5-8849-a23b83f405bb</xr:TypeId>
				<xr:ValueId>4c37595b-609e-45ba-9816-158748873ba0</xr:ValueId>
			</xr:GeneratedType>
			<xr:GeneratedType name="CatalogList.ДоговорыКонтрагентов" category="List">
				<xr:TypeId>3d1a4f3a-7e6e-4961-ae4c-618283b19237</xr:TypeId>
				<xr:ValueId>4bae6fd7-9fcd-454d-bef4-1f4ef2df15dd</xr:ValueId>
			</xr:GeneratedType>
			<xr:GeneratedType name="CatalogManager.ДоговорыКонтрагентов" category="Manager">
				<xr:TypeId>ee2a5a17-8dfa-495e-a1b2-4b73ad624cf3</xr:TypeId>
				<xr:ValueId>fca72def-af92-4013-93b2-4425fbc5eae3</xr:ValueId>
			</xr:GeneratedType>
		</InternalInfo>
		<Properties>
			<ObjectBelonging>Adopted</ObjectBelonging>
			<Name>ДоговорыКонтрагентов</Name>
			<Comment/>
			<ExtendedConfigurationObject>3404cb9a-92ea-42b9-9086-ad481dbc27d7</ExtendedConfigurationObject>
		</Properties>
		<ChildObjects>
			<Attribute uuid="01d88290-7bd1-4e0d-b5ea-64d38ea235c5">
				<InternalInfo/>
				<Properties>
					<ObjectBelonging>Adopted</ObjectBelonging>
					<Name>Партнер</Name>
					<Comment/>
					<ExtendedConfigurationObject>b18539ed-9cc9-424b-8b4c-759a9b105d6b</ExtendedConfigurationObject>
					<Type>
						<v8:Type>cfg:CatalogRef.Партнеры</v8:Type>
					</Type>
				</Properties>
			</Attribute>
			<Attribute uuid="d55adb74-eb83-4640-9fc1-15153cd25167">
				<InternalInfo/>
				<Properties>
					<ObjectBelonging>Adopted</ObjectBelonging>
					<Name>Организация</Name>
					<Comment/>
					<ExtendedConfigurationObject>8a2605ff-98ff-4bd6-8f43-ab6f25a3fcda</ExtendedConfigurationObject>
					<Type>
						<v8:Type>cfg:CatalogRef.Организации</v8:Type>
					</Type>
				</Properties>
			</Attribute>
		</ChildObjects>
	</Catalog>
</MetaDataObject>