﻿<?xml version="1.0" encoding="UTF-8"?>
<MetaDataObject xmlns="http://v8.1c.ru/8.3/MDClasses" xmlns:app="http://v8.1c.ru/8.2/managed-application/core" xmlns:cfg="http://v8.1c.ru/8.1/data/enterprise/current-config" xmlns:cmi="http://v8.1c.ru/8.2/managed-application/cmi" xmlns:ent="http://v8.1c.ru/8.1/data/enterprise" xmlns:lf="http://v8.1c.ru/8.2/managed-application/logform" xmlns:style="http://v8.1c.ru/8.1/data/ui/style" xmlns:sys="http://v8.1c.ru/8.1/data/ui/fonts/system" xmlns:v8="http://v8.1c.ru/8.1/data/core" xmlns:v8ui="http://v8.1c.ru/8.1/data/ui" xmlns:web="http://v8.1c.ru/8.1/data/ui/colors/web" xmlns:win="http://v8.1c.ru/8.1/data/ui/colors/windows" xmlns:xen="http://v8.1c.ru/8.3/xcf/enums" xmlns:xpr="http://v8.1c.ru/8.3/xcf/predef" xmlns:xr="http://v8.1c.ru/8.3/xcf/readable" xmlns:xs="http://www.w3.org/2001/XMLSchema" xmlns:xsi="http://www.w3.org/2001/XMLSchema-instance" version="2.20">
	<Catalog uuid="5c70f64f-0ce4-4419-8d5f-88427052136a">
		<InternalInfo>
			<xr:GeneratedType name="CatalogObject.КлючиАналитикиУчетаНоменклатуры" category="Object">
				<xr:TypeId>7d5554b4-e282-4e51-9a1b-7249c3f953e9</xr:TypeId>
				<xr:ValueId>71ed8abe-9d07-443b-a021-a217f7c0b000</xr:ValueId>
			</xr:GeneratedType>
			<xr:GeneratedType name="CatalogRef.КлючиАналитикиУчетаНоменклатуры" category="Ref">
				<xr:TypeId>98a1b3a3-e5c5-497f-beae-936b74cafd1e</xr:TypeId>
				<xr:ValueId>6a5de241-1f37-4f4d-ad62-daea76b5f6e2</xr:ValueId>
			</xr:GeneratedType>
			<xr:GeneratedType name="CatalogSelection.КлючиАналитикиУчетаНоменклатуры" category="Selection">
				<xr:TypeId>5099a274-c9e5-4064-b854-bb970e8aa70f</xr:TypeId>
				<xr:ValueId>e385c460-fc97-4874-8921-d21a630b69c3</xr:ValueId>
			</xr:GeneratedType>
			<xr:GeneratedType name="CatalogList.КлючиАналитикиУчетаНоменклатуры" category="List">
				<xr:TypeId>850e1c3e-7b19-4cd0-81b6-1c8c3ca9b2a5</xr:TypeId>
				<xr:ValueId>c30887d8-6263-49f1-a3ce-21140a6503ab</xr:ValueId>
			</xr:GeneratedType>
			<xr:GeneratedType name="CatalogManager.КлючиАналитикиУчетаНоменклатуры" category="Manager">
				<xr:TypeId>641450a7-8589-4306-8ef8-289e44884101</xr:TypeId>
				<xr:ValueId>5da40f7d-8e7c-43d7-9087-6f162bde0f6f</xr:ValueId>
			</xr:GeneratedType>
		</InternalInfo>
		<Properties>
			<ObjectBelonging>Adopted</ObjectBelonging>
			<Name>КлючиАналитикиУчетаНоменклатуры</Name>
			<Comment/>
			<ExtendedConfigurationObject>16147cb5-b2fd-4e31-b481-8cc3e96b4ae0</ExtendedConfigurationObject>
		</Properties>
		<ChildObjects/>
	</Catalog>
</MetaDataObject>