﻿<?xml version="1.0" encoding="UTF-8"?>
<MetaDataObject xmlns="http://v8.1c.ru/8.3/MDClasses" xmlns:app="http://v8.1c.ru/8.2/managed-application/core" xmlns:cfg="http://v8.1c.ru/8.1/data/enterprise/current-config" xmlns:cmi="http://v8.1c.ru/8.2/managed-application/cmi" xmlns:ent="http://v8.1c.ru/8.1/data/enterprise" xmlns:lf="http://v8.1c.ru/8.2/managed-application/logform" xmlns:style="http://v8.1c.ru/8.1/data/ui/style" xmlns:sys="http://v8.1c.ru/8.1/data/ui/fonts/system" xmlns:v8="http://v8.1c.ru/8.1/data/core" xmlns:v8ui="http://v8.1c.ru/8.1/data/ui" xmlns:web="http://v8.1c.ru/8.1/data/ui/colors/web" xmlns:win="http://v8.1c.ru/8.1/data/ui/colors/windows" xmlns:xen="http://v8.1c.ru/8.3/xcf/enums" xmlns:xpr="http://v8.1c.ru/8.3/xcf/predef" xmlns:xr="http://v8.1c.ru/8.3/xcf/readable" xmlns:xs="http://www.w3.org/2001/XMLSchema" xmlns:xsi="http://www.w3.org/2001/XMLSchema-instance" version="2.20">
	<Catalog uuid="a121af31-32d1-404a-965e-a2e6a3ef39e5">
		<InternalInfo>
			<xr:GeneratedType name="CatalogObject.Контрагенты" category="Object">
				<xr:TypeId>f3d1e07e-1a80-48dd-95b5-f5281b842464</xr:TypeId>
				<xr:ValueId>55ebf011-3c8d-4110-9c0d-e3dc1b0f7ac9</xr:ValueId>
			</xr:GeneratedType>
			<xr:GeneratedType name="CatalogRef.Контрагенты" category="Ref">
				<xr:TypeId>c6cc1f21-0f42-4d79-a085-50140eb4c736</xr:TypeId>
				<xr:ValueId>10fca10e-104d-4884-b6ea-67eaf77f4bd6</xr:ValueId>
			</xr:GeneratedType>
			<xr:GeneratedType name="CatalogSelection.Контрагенты" category="Selection">
				<xr:TypeId>4c861056-996a-4050-b65e-6ebfab19d41d</xr:TypeId>
				<xr:ValueId>7d21b8c1-93c9-488b-a1d4-cc76987b58d3</xr:ValueId>
			</xr:GeneratedType>
			<xr:GeneratedType name="CatalogList.Контрагенты" category="List">
				<xr:TypeId>7e0faed2-407a-48a1-aa76-a27c40d0a83e</xr:TypeId>
				<xr:ValueId>131ef40e-e9e9-48cf-aaae-6b0552ac3ecf</xr:ValueId>
			</xr:GeneratedType>
			<xr:GeneratedType name="CatalogManager.Контрагенты" category="Manager">
				<xr:TypeId>590ad398-b478-461c-a6e1-9cfab2bb3041</xr:TypeId>
				<xr:ValueId>71fc1e2c-9fee-4836-82c6-9070258ddba5</xr:ValueId>
			</xr:GeneratedType>
		</InternalInfo>
		<Properties>
			<ObjectBelonging>Adopted</ObjectBelonging>
			<Name>Контрагенты</Name>
			<Comment/>
			<ExtendedConfigurationObject>4259c461-12b1-4f3e-8283-5927c75afdb6</ExtendedConfigurationObject>
		</Properties>
		<ChildObjects/>
	</Catalog>
</MetaDataObject>