﻿<?xml version="1.0" encoding="UTF-8"?>
<MetaDataObject xmlns="http://v8.1c.ru/8.3/MDClasses" xmlns:app="http://v8.1c.ru/8.2/managed-application/core" xmlns:cfg="http://v8.1c.ru/8.1/data/enterprise/current-config" xmlns:cmi="http://v8.1c.ru/8.2/managed-application/cmi" xmlns:ent="http://v8.1c.ru/8.1/data/enterprise" xmlns:lf="http://v8.1c.ru/8.2/managed-application/logform" xmlns:style="http://v8.1c.ru/8.1/data/ui/style" xmlns:sys="http://v8.1c.ru/8.1/data/ui/fonts/system" xmlns:v8="http://v8.1c.ru/8.1/data/core" xmlns:v8ui="http://v8.1c.ru/8.1/data/ui" xmlns:web="http://v8.1c.ru/8.1/data/ui/colors/web" xmlns:win="http://v8.1c.ru/8.1/data/ui/colors/windows" xmlns:xen="http://v8.1c.ru/8.3/xcf/enums" xmlns:xpr="http://v8.1c.ru/8.3/xcf/predef" xmlns:xr="http://v8.1c.ru/8.3/xcf/readable" xmlns:xs="http://www.w3.org/2001/XMLSchema" xmlns:xsi="http://www.w3.org/2001/XMLSchema-instance" version="2.20">
	<Catalog uuid="bfee71a0-a863-4f70-b480-de602fb797e1">
		<InternalInfo>
			<xr:GeneratedType name="CatalogObject.Номенклатура" category="Object">
				<xr:TypeId>abfa4f9b-683a-475e-bbae-0b42667f6642</xr:TypeId>
				<xr:ValueId>59a8132b-5140-4f01-a468-4fcee537700e</xr:ValueId>
			</xr:GeneratedType>
			<xr:GeneratedType name="CatalogRef.Номенклатура" category="Ref">
				<xr:TypeId>4f5a14e0-d5b6-4553-b191-ed8c493f08b3</xr:TypeId>
				<xr:ValueId>fffb1202-67fd-4cac-9432-e827196c183b</xr:ValueId>
			</xr:GeneratedType>
			<xr:GeneratedType name="CatalogSelection.Номенклатура" category="Selection">
				<xr:TypeId>46d64de4-bc04-4842-b23c-3f5ba7401c77</xr:TypeId>
				<xr:ValueId>899b6957-eace-4126-b699-8287c5851965</xr:ValueId>
			</xr:GeneratedType>
			<xr:GeneratedType name="CatalogList.Номенклатура" category="List">
				<xr:TypeId>777fbbab-4c7f-417c-953a-334e2f885a0d</xr:TypeId>
				<xr:ValueId>ba020e9b-bf2a-4afc-8100-9a13c9ac3425</xr:ValueId>
			</xr:GeneratedType>
			<xr:GeneratedType name="CatalogManager.Номенклатура" category="Manager">
				<xr:TypeId>1282f2af-3e3d-4f68-a780-ed301df6545e</xr:TypeId>
				<xr:ValueId>23a1b930-6536-4a8f-96da-4ec6990bab6b</xr:ValueId>
			</xr:GeneratedType>
		</InternalInfo>
		<Properties>
			<ObjectBelonging>Adopted</ObjectBelonging>
			<Name>Номенклатура</Name>
			<Comment/>
			<ExtendedConfigurationObject>fc59acc3-f1f7-4e3f-96da-e580f2c5a88f</ExtendedConfigurationObject>
			<CodeLength>11</CodeLength>
			<CodeType>String</CodeType>
			<CodeAllowedLength>Fixed</CodeAllowedLength>
		</Properties>
		<ChildObjects/>
	</Catalog>
</MetaDataObject>