﻿<?xml version="1.0" encoding="UTF-8"?>
<MetaDataObject xmlns="http://v8.1c.ru/8.3/MDClasses" xmlns:app="http://v8.1c.ru/8.2/managed-application/core" xmlns:cfg="http://v8.1c.ru/8.1/data/enterprise/current-config" xmlns:cmi="http://v8.1c.ru/8.2/managed-application/cmi" xmlns:ent="http://v8.1c.ru/8.1/data/enterprise" xmlns:lf="http://v8.1c.ru/8.2/managed-application/logform" xmlns:style="http://v8.1c.ru/8.1/data/ui/style" xmlns:sys="http://v8.1c.ru/8.1/data/ui/fonts/system" xmlns:v8="http://v8.1c.ru/8.1/data/core" xmlns:v8ui="http://v8.1c.ru/8.1/data/ui" xmlns:web="http://v8.1c.ru/8.1/data/ui/colors/web" xmlns:win="http://v8.1c.ru/8.1/data/ui/colors/windows" xmlns:xen="http://v8.1c.ru/8.3/xcf/enums" xmlns:xpr="http://v8.1c.ru/8.3/xcf/predef" xmlns:xr="http://v8.1c.ru/8.3/xcf/readable" xmlns:xs="http://www.w3.org/2001/XMLSchema" xmlns:xsi="http://www.w3.org/2001/XMLSchema-instance" version="2.20">
	<Catalog uuid="64646179-6588-4ecd-8f37-f8b1e295163e">
		<InternalInfo>
			<xr:GeneratedType name="CatalogObject.Организации" category="Object">
				<xr:TypeId>91b7acd7-1791-40b0-8f42-f861995af08a</xr:TypeId>
				<xr:ValueId>ac4f83c6-62ee-4008-9f5c-1135d1e90d51</xr:ValueId>
			</xr:GeneratedType>
			<xr:GeneratedType name="CatalogRef.Организации" category="Ref">
				<xr:TypeId>c6887659-9485-4554-b391-160cc197ceca</xr:TypeId>
				<xr:ValueId>eb441ef9-1ce4-46c8-9ca2-77147f355922</xr:ValueId>
			</xr:GeneratedType>
			<xr:GeneratedType name="CatalogSelection.Организации" category="Selection">
				<xr:TypeId>1b7b0f41-b326-4e55-82a2-838ef3a87ad1</xr:TypeId>
				<xr:ValueId>9db9de78-9c8c-43ed-a646-50533566c421</xr:ValueId>
			</xr:GeneratedType>
			<xr:GeneratedType name="CatalogList.Организации" category="List">
				<xr:TypeId>849bf156-5205-47da-b255-787a2bf7c818</xr:TypeId>
				<xr:ValueId>df0783ef-702a-42fa-bf7a-94b78af560b9</xr:ValueId>
			</xr:GeneratedType>
			<xr:GeneratedType name="CatalogManager.Организации" category="Manager">
				<xr:TypeId>fbd89317-7a47-4ad7-a509-ab7693ff4a02</xr:TypeId>
				<xr:ValueId>a2aa2667-eb5d-4756-82ac-84aba723b454</xr:ValueId>
			</xr:GeneratedType>
		</InternalInfo>
		<Properties>
			<ObjectBelonging>Adopted</ObjectBelonging>
			<Name>Организации</Name>
			<Comment/>
			<ExtendedConfigurationObject>35a6d3c8-3832-419f-81ef-fc7c113af6a4</ExtendedConfigurationObject>
		</Properties>
		<ChildObjects/>
	</Catalog>
</MetaDataObject>