﻿<?xml version="1.0" encoding="UTF-8"?>
<MetaDataObject xmlns="http://v8.1c.ru/8.3/MDClasses" xmlns:app="http://v8.1c.ru/8.2/managed-application/core" xmlns:cfg="http://v8.1c.ru/8.1/data/enterprise/current-config" xmlns:cmi="http://v8.1c.ru/8.2/managed-application/cmi" xmlns:ent="http://v8.1c.ru/8.1/data/enterprise" xmlns:lf="http://v8.1c.ru/8.2/managed-application/logform" xmlns:style="http://v8.1c.ru/8.1/data/ui/style" xmlns:sys="http://v8.1c.ru/8.1/data/ui/fonts/system" xmlns:v8="http://v8.1c.ru/8.1/data/core" xmlns:v8ui="http://v8.1c.ru/8.1/data/ui" xmlns:web="http://v8.1c.ru/8.1/data/ui/colors/web" xmlns:win="http://v8.1c.ru/8.1/data/ui/colors/windows" xmlns:xen="http://v8.1c.ru/8.3/xcf/enums" xmlns:xpr="http://v8.1c.ru/8.3/xcf/predef" xmlns:xr="http://v8.1c.ru/8.3/xcf/readable" xmlns:xs="http://www.w3.org/2001/XMLSchema" xmlns:xsi="http://www.w3.org/2001/XMLSchema-instance" version="2.20">
	<Catalog uuid="a60b843c-1f90-46ab-b6fb-22959a741f1e">
		<InternalInfo>
			<xr:GeneratedType name="CatalogObject.Партнеры" category="Object">
				<xr:TypeId>e4b1df24-cada-423d-8ecc-5db8146bfd2d</xr:TypeId>
				<xr:ValueId>f0d77813-1a4f-4996-b335-b96be52f4e0e</xr:ValueId>
			</xr:GeneratedType>
			<xr:GeneratedType name="CatalogRef.Партнеры" category="Ref">
				<xr:TypeId>d244b3aa-c466-4a80-88d6-6137be4b2606</xr:TypeId>
				<xr:ValueId>e275f677-b0dd-4576-858a-8783678c21d9</xr:ValueId>
			</xr:GeneratedType>
			<xr:GeneratedType name="CatalogSelection.Партнеры" category="Selection">
				<xr:TypeId>28c88179-fe21-4c48-aab5-457a6c70ab4d</xr:TypeId>
				<xr:ValueId>9df5c401-11b3-45be-9b40-c729baeb8827</xr:ValueId>
			</xr:GeneratedType>
			<xr:GeneratedType name="CatalogList.Партнеры" category="List">
				<xr:TypeId>545b5b42-3532-43c2-9a9b-2e5c6e0d2652</xr:TypeId>
				<xr:ValueId>26adbe07-2de4-4d1d-a9c5-d41dda260d47</xr:ValueId>
			</xr:GeneratedType>
			<xr:GeneratedType name="CatalogManager.Партнеры" category="Manager">
				<xr:TypeId>72e4a88b-5ae6-4238-b526-d91f79279ec5</xr:TypeId>
				<xr:ValueId>c2cefb5c-e384-4c05-bcc3-d455ce34a3d9</xr:ValueId>
			</xr:GeneratedType>
		</InternalInfo>
		<Properties>
			<ObjectBelonging>Adopted</ObjectBelonging>
			<Name>Партнеры</Name>
			<Comment/>
			<ExtendedConfigurationObject>bf75bcc5-82ee-4bd0-89e1-420b42c99454</ExtendedConfigurationObject>
		</Properties>
		<ChildObjects/>
	</Catalog>
</MetaDataObject>