﻿<?xml version="1.0" encoding="UTF-8"?>
<MetaDataObject xmlns="http://v8.1c.ru/8.3/MDClasses" xmlns:app="http://v8.1c.ru/8.2/managed-application/core" xmlns:cfg="http://v8.1c.ru/8.1/data/enterprise/current-config" xmlns:cmi="http://v8.1c.ru/8.2/managed-application/cmi" xmlns:ent="http://v8.1c.ru/8.1/data/enterprise" xmlns:lf="http://v8.1c.ru/8.2/managed-application/logform" xmlns:style="http://v8.1c.ru/8.1/data/ui/style" xmlns:sys="http://v8.1c.ru/8.1/data/ui/fonts/system" xmlns:v8="http://v8.1c.ru/8.1/data/core" xmlns:v8ui="http://v8.1c.ru/8.1/data/ui" xmlns:web="http://v8.1c.ru/8.1/data/ui/colors/web" xmlns:win="http://v8.1c.ru/8.1/data/ui/colors/windows" xmlns:xen="http://v8.1c.ru/8.3/xcf/enums" xmlns:xpr="http://v8.1c.ru/8.3/xcf/predef" xmlns:xr="http://v8.1c.ru/8.3/xcf/readable" xmlns:xs="http://www.w3.org/2001/XMLSchema" xmlns:xsi="http://www.w3.org/2001/XMLSchema-instance" version="2.20">
	<Catalog uuid="9f40b98d-ca66-4fc0-a98a-54b74728895b">
		<InternalInfo>
			<xr:GeneratedType name="CatalogObject.Пользователи" category="Object">
				<xr:TypeId>8b9ae305-f3ae-4209-8117-c617bfe9efde</xr:TypeId>
				<xr:ValueId>416cbec2-2290-4e90-ac8a-00cd984e4be9</xr:ValueId>
			</xr:GeneratedType>
			<xr:GeneratedType name="CatalogRef.Пользователи" category="Ref">
				<xr:TypeId>0de7d96d-7c20-4c4c-b960-1d5ad4b5247f</xr:TypeId>
				<xr:ValueId>6161c62e-cc98-4bb5-8aca-131f689be9d0</xr:ValueId>
			</xr:GeneratedType>
			<xr:GeneratedType name="CatalogSelection.Пользователи" category="Selection">
				<xr:TypeId>c3c7e367-6d42-439a-ad26-3f941bb20ae6</xr:TypeId>
				<xr:ValueId>b90d8df7-b13c-4357-b26d-9820a084d7e6</xr:ValueId>
			</xr:GeneratedType>
			<xr:GeneratedType name="CatalogList.Пользователи" category="List">
				<xr:TypeId>5d7cfdce-c4ef-478f-a50b-0c7e7fc5cded</xr:TypeId>
				<xr:ValueId>fcfd3afd-0971-4cbc-a870-63f79e8e868f</xr:ValueId>
			</xr:GeneratedType>
			<xr:GeneratedType name="CatalogManager.Пользователи" category="Manager">
				<xr:TypeId>e1a2056f-f9f7-4785-a04f-9ca5f74af44e</xr:TypeId>
				<xr:ValueId>6c8614c4-7c24-4bb1-9817-a72397f486ee</xr:ValueId>
			</xr:GeneratedType>
		</InternalInfo>
		<Properties>
			<ObjectBelonging>Adopted</ObjectBelonging>
			<Name>Пользователи</Name>
			<Comment/>
			<ExtendedConfigurationObject>cffbf533-11c6-4206-9b8b-f7355cb63fd8</ExtendedConfigurationObject>
		</Properties>
		<ChildObjects/>
	</Catalog>
</MetaDataObject>