﻿<?xml version="1.0" encoding="UTF-8"?>
<MetaDataObject xmlns="http://v8.1c.ru/8.3/MDClasses" xmlns:app="http://v8.1c.ru/8.2/managed-application/core" xmlns:cfg="http://v8.1c.ru/8.1/data/enterprise/current-config" xmlns:cmi="http://v8.1c.ru/8.2/managed-application/cmi" xmlns:ent="http://v8.1c.ru/8.1/data/enterprise" xmlns:lf="http://v8.1c.ru/8.2/managed-application/logform" xmlns:style="http://v8.1c.ru/8.1/data/ui/style" xmlns:sys="http://v8.1c.ru/8.1/data/ui/fonts/system" xmlns:v8="http://v8.1c.ru/8.1/data/core" xmlns:v8ui="http://v8.1c.ru/8.1/data/ui" xmlns:web="http://v8.1c.ru/8.1/data/ui/colors/web" xmlns:win="http://v8.1c.ru/8.1/data/ui/colors/windows" xmlns:xen="http://v8.1c.ru/8.3/xcf/enums" xmlns:xpr="http://v8.1c.ru/8.3/xcf/predef" xmlns:xr="http://v8.1c.ru/8.3/xcf/readable" xmlns:xs="http://www.w3.org/2001/XMLSchema" xmlns:xsi="http://www.w3.org/2001/XMLSchema-instance" version="2.20">
	<Catalog uuid="06f8eb79-6057-449c-8f2c-7c4622676f4e">
		<InternalInfo>
			<xr:GeneratedType name="CatalogObject.Приоритеты" category="Object">
				<xr:TypeId>659d642c-7d05-47a2-af72-8867987fa36f</xr:TypeId>
				<xr:ValueId>b61ee6e4-061b-4a95-8536-259ca85d51bf</xr:ValueId>
			</xr:GeneratedType>
			<xr:GeneratedType name="CatalogRef.Приоритеты" category="Ref">
				<xr:TypeId>917b4967-68ae-4331-8179-45b9df7ed7d1</xr:TypeId>
				<xr:ValueId>38ab93b6-abe5-4bac-9337-ca6b1e83f029</xr:ValueId>
			</xr:GeneratedType>
			<xr:GeneratedType name="CatalogSelection.Приоритеты" category="Selection">
				<xr:TypeId>31810723-fe0f-4207-8d7f-f5de71f3afc0</xr:TypeId>
				<xr:ValueId>50fa95ae-50e9-47aa-b30f-58a3005014f4</xr:ValueId>
			</xr:GeneratedType>
			<xr:GeneratedType name="CatalogList.Приоритеты" category="List">
				<xr:TypeId>3dda43f2-1895-4a01-a794-524e7f73633e</xr:TypeId>
				<xr:ValueId>3d3818c4-94dc-4088-92fb-ebb781d4fa8e</xr:ValueId>
			</xr:GeneratedType>
			<xr:GeneratedType name="CatalogManager.Приоритеты" category="Manager">
				<xr:TypeId>7c93b35a-5a56-4c8b-a16d-cc17ead04b5d</xr:TypeId>
				<xr:ValueId>eedcc1d3-f5b0-4cff-bee5-5548d4ff2d9e</xr:ValueId>
			</xr:GeneratedType>
		</InternalInfo>
		<Properties>
			<ObjectBelonging>Adopted</ObjectBelonging>
			<Name>Приоритеты</Name>
			<Comment/>
			<ExtendedConfigurationObject>9e4f3ca4-37d8-11e3-8b99-0800278af313</ExtendedConfigurationObject>
		</Properties>
		<ChildObjects/>
	</Catalog>
</MetaDataObject>