﻿<?xml version="1.0" encoding="UTF-8"?>
<MetaDataObject xmlns="http://v8.1c.ru/8.3/MDClasses" xmlns:app="http://v8.1c.ru/8.2/managed-application/core" xmlns:cfg="http://v8.1c.ru/8.1/data/enterprise/current-config" xmlns:cmi="http://v8.1c.ru/8.2/managed-application/cmi" xmlns:ent="http://v8.1c.ru/8.1/data/enterprise" xmlns:lf="http://v8.1c.ru/8.2/managed-application/logform" xmlns:style="http://v8.1c.ru/8.1/data/ui/style" xmlns:sys="http://v8.1c.ru/8.1/data/ui/fonts/system" xmlns:v8="http://v8.1c.ru/8.1/data/core" xmlns:v8ui="http://v8.1c.ru/8.1/data/ui" xmlns:web="http://v8.1c.ru/8.1/data/ui/colors/web" xmlns:win="http://v8.1c.ru/8.1/data/ui/colors/windows" xmlns:xen="http://v8.1c.ru/8.3/xcf/enums" xmlns:xpr="http://v8.1c.ru/8.3/xcf/predef" xmlns:xr="http://v8.1c.ru/8.3/xcf/readable" xmlns:xs="http://www.w3.org/2001/XMLSchema" xmlns:xsi="http://www.w3.org/2001/XMLSchema-instance" version="2.20">
	<Catalog uuid="d2467393-ed2c-4c9c-a5b2-defa860c9acd">
		<InternalInfo>
			<xr:GeneratedType name="CatalogObject.Склады" category="Object">
				<xr:TypeId>58da3dc8-116e-4968-868f-aabbe809b0a3</xr:TypeId>
				<xr:ValueId>0ebe2d23-781c-4d9b-abba-79425b88652a</xr:ValueId>
			</xr:GeneratedType>
			<xr:GeneratedType name="CatalogRef.Склады" category="Ref">
				<xr:TypeId>9220b982-5220-4181-9209-7fd7508972a1</xr:TypeId>
				<xr:ValueId>dcc9956d-e450-4755-8346-79c5c60ea66c</xr:ValueId>
			</xr:GeneratedType>
			<xr:GeneratedType name="CatalogSelection.Склады" category="Selection">
				<xr:TypeId>cf2009b2-b84b-438a-97ba-f755d4700306</xr:TypeId>
				<xr:ValueId>8a77897e-1132-4589-8618-0c914ca485db</xr:ValueId>
			</xr:GeneratedType>
			<xr:GeneratedType name="CatalogList.Склады" category="List">
				<xr:TypeId>add07ce2-2ab7-4888-8a6e-c01fba752ae7</xr:TypeId>
				<xr:ValueId>3c0b30cf-5ea0-4b53-a590-2cad3970a88b</xr:ValueId>
			</xr:GeneratedType>
			<xr:GeneratedType name="CatalogManager.Склады" category="Manager">
				<xr:TypeId>de54b175-9cd6-4e3a-8ba5-ff36b618a04a</xr:TypeId>
				<xr:ValueId>64df07dd-076d-4589-b920-35ee70a5f9c8</xr:ValueId>
			</xr:GeneratedType>
		</InternalInfo>
		<Properties>
			<ObjectBelonging>Adopted</ObjectBelonging>
			<Name>Склады</Name>
			<Comment/>
			<ExtendedConfigurationObject>07b3c407-9a3a-4f94-b798-226c96d66840</ExtendedConfigurationObject>
			<DescriptionLength>50</DescriptionLength>
		</Properties>
		<ChildObjects>
			<Attribute uuid="32619310-73a8-491a-ab47-713ee5977737">
				<InternalInfo/>
				<Properties>
					<ObjectBelonging>Adopted</ObjectBelonging>
					<Name>Подразделение</Name>
					<Comment/>
					<ExtendedConfigurationObject>0c471353-9c40-4232-adee-979899e9bf76</ExtendedConfigurationObject>
					<Type>
						<v8:Type>cfg:CatalogRef.СтруктураПредприятия</v8:Type>
					</Type>
				</Properties>
			</Attribute>
		</ChildObjects>
	</Catalog>
</MetaDataObject>