﻿<?xml version="1.0" encoding="UTF-8"?>
<MetaDataObject xmlns="http://v8.1c.ru/8.3/MDClasses" xmlns:app="http://v8.1c.ru/8.2/managed-application/core" xmlns:cfg="http://v8.1c.ru/8.1/data/enterprise/current-config" xmlns:cmi="http://v8.1c.ru/8.2/managed-application/cmi" xmlns:ent="http://v8.1c.ru/8.1/data/enterprise" xmlns:lf="http://v8.1c.ru/8.2/managed-application/logform" xmlns:style="http://v8.1c.ru/8.1/data/ui/style" xmlns:sys="http://v8.1c.ru/8.1/data/ui/fonts/system" xmlns:v8="http://v8.1c.ru/8.1/data/core" xmlns:v8ui="http://v8.1c.ru/8.1/data/ui" xmlns:web="http://v8.1c.ru/8.1/data/ui/colors/web" xmlns:win="http://v8.1c.ru/8.1/data/ui/colors/windows" xmlns:xen="http://v8.1c.ru/8.3/xcf/enums" xmlns:xpr="http://v8.1c.ru/8.3/xcf/predef" xmlns:xr="http://v8.1c.ru/8.3/xcf/readable" xmlns:xs="http://www.w3.org/2001/XMLSchema" xmlns:xsi="http://www.w3.org/2001/XMLSchema-instance" version="2.20">
	<Catalog uuid="aceb7a0a-39fd-461d-91df-f1c159e01b1a">
		<InternalInfo>
			<xr:GeneratedType name="CatalogObject.СоглашенияСКлиентами" category="Object">
				<xr:TypeId>c0ced813-6e11-4d02-aaa7-43412ec186fb</xr:TypeId>
				<xr:ValueId>8b4f188d-2075-4195-bd97-8e97e32b5217</xr:ValueId>
			</xr:GeneratedType>
			<xr:GeneratedType name="CatalogRef.СоглашенияСКлиентами" category="Ref">
				<xr:TypeId>9fc07d11-e8c8-491f-986e-ef2a23b5530a</xr:TypeId>
				<xr:ValueId>7f578142-cbbf-4ef5-8e8a-c8365013892b</xr:ValueId>
			</xr:GeneratedType>
			<xr:GeneratedType name="CatalogSelection.СоглашенияСКлиентами" category="Selection">
				<xr:TypeId>aa807ea3-c9c0-427e-b61b-6c592a91f801</xr:TypeId>
				<xr:ValueId>520d8593-da75-4a9c-bd91-427a17367921</xr:ValueId>
			</xr:GeneratedType>
			<xr:GeneratedType name="CatalogList.СоглашенияСКлиентами" category="List">
				<xr:TypeId>8ccc3c6f-ad65-463e-87b1-304a181cd3e6</xr:TypeId>
				<xr:ValueId>4792f89d-0eec-4985-8303-a26f51d77b7f</xr:ValueId>
			</xr:GeneratedType>
			<xr:GeneratedType name="CatalogManager.СоглашенияСКлиентами" category="Manager">
				<xr:TypeId>76ce5f24-617a-4935-b948-f1689780ecd4</xr:TypeId>
				<xr:ValueId>ca88ec82-98f7-4b3e-82f4-c6da9fbc2381</xr:ValueId>
			</xr:GeneratedType>
		</InternalInfo>
		<Properties>
			<ObjectBelonging>Adopted</ObjectBelonging>
			<Name>СоглашенияСКлиентами</Name>
			<Comment/>
			<ExtendedConfigurationObject>2bb5c12e-1217-4c8d-ae01-3a6253cfe429</ExtendedConfigurationObject>
		</Properties>
		<ChildObjects>
			<Attribute uuid="155bd9b6-a1df-44b8-ac5f-2c2961fce673">
				<InternalInfo/>
				<Properties>
					<ObjectBelonging>Adopted</ObjectBelonging>
					<Name>Организация</Name>
					<Comment/>
					<ExtendedConfigurationObject>dd8d77c6-c267-4a09-8b00-5a0e1bb814f9</ExtendedConfigurationObject>
					<Type>
						<v8:Type>cfg:CatalogRef.Организации</v8:Type>
					</Type>
				</Properties>
			</Attribute>
			<Attribute uuid="b9ddf508-1b14-4cf4-90aa-88d1f329ac51">
				<InternalInfo/>
				<Properties>
					<ObjectBelonging>Adopted</ObjectBelonging>
					<Name>Партнер</Name>
					<Comment/>
					<ExtendedConfigurationObject>9bd348c8-d0a6-496c-a962-363c1cd4769d</ExtendedConfigurationObject>
					<Type>
						<v8:Type>cfg:CatalogRef.Партнеры</v8:Type>
					</Type>
				</Properties>
			</Attribute>
		</ChildObjects>
	</Catalog>
</MetaDataObject>