﻿<?xml version="1.0" encoding="UTF-8"?>
<MetaDataObject xmlns="http://v8.1c.ru/8.3/MDClasses" xmlns:app="http://v8.1c.ru/8.2/managed-application/core" xmlns:cfg="http://v8.1c.ru/8.1/data/enterprise/current-config" xmlns:cmi="http://v8.1c.ru/8.2/managed-application/cmi" xmlns:ent="http://v8.1c.ru/8.1/data/enterprise" xmlns:lf="http://v8.1c.ru/8.2/managed-application/logform" xmlns:style="http://v8.1c.ru/8.1/data/ui/style" xmlns:sys="http://v8.1c.ru/8.1/data/ui/fonts/system" xmlns:v8="http://v8.1c.ru/8.1/data/core" xmlns:v8ui="http://v8.1c.ru/8.1/data/ui" xmlns:web="http://v8.1c.ru/8.1/data/ui/colors/web" xmlns:win="http://v8.1c.ru/8.1/data/ui/colors/windows" xmlns:xen="http://v8.1c.ru/8.3/xcf/enums" xmlns:xpr="http://v8.1c.ru/8.3/xcf/predef" xmlns:xr="http://v8.1c.ru/8.3/xcf/readable" xmlns:xs="http://www.w3.org/2001/XMLSchema" xmlns:xsi="http://www.w3.org/2001/XMLSchema-instance" version="2.20">
	<Catalog uuid="876844b7-af39-4cd8-9308-54f11b3184b1">
		<InternalInfo>
			<xr:GeneratedType name="CatalogObject.СтруктураПредприятия" category="Object">
				<xr:TypeId>3dafcffa-a682-4cdc-93b8-416bb72e783d</xr:TypeId>
				<xr:ValueId>d91cd406-37bd-402e-a4cf-d76815c94316</xr:ValueId>
			</xr:GeneratedType>
			<xr:GeneratedType name="CatalogRef.СтруктураПредприятия" category="Ref">
				<xr:TypeId>835f63d9-a2c5-4e37-b0eb-5424bc88608a</xr:TypeId>
				<xr:ValueId>cfca8831-1c17-4d48-bf38-05862ecb1e6d</xr:ValueId>
			</xr:GeneratedType>
			<xr:GeneratedType name="CatalogSelection.СтруктураПредприятия" category="Selection">
				<xr:TypeId>8022171d-de78-4715-a11b-fcd023d38fd3</xr:TypeId>
				<xr:ValueId>1fd463b2-b020-42c7-86bb-31fbec554648</xr:ValueId>
			</xr:GeneratedType>
			<xr:GeneratedType name="CatalogList.СтруктураПредприятия" category="List">
				<xr:TypeId>dd50b001-ed18-497b-9f71-6cf32042670f</xr:TypeId>
				<xr:ValueId>e6ddf0af-745d-4ffa-9283-80373a7a25cb</xr:ValueId>
			</xr:GeneratedType>
			<xr:GeneratedType name="CatalogManager.СтруктураПредприятия" category="Manager">
				<xr:TypeId>eeab020e-b24a-4ae1-9fa6-7d42381ac8bf</xr:TypeId>
				<xr:ValueId>7167882d-b101-4385-8208-daa2f6923d36</xr:ValueId>
			</xr:GeneratedType>
		</InternalInfo>
		<Properties>
			<ObjectBelonging>Adopted</ObjectBelonging>
			<Name>СтруктураПредприятия</Name>
			<Comment/>
			<ExtendedConfigurationObject>2914af3c-ad8f-4719-8871-98d1a256b3fb</ExtendedConfigurationObject>
			<CodeLength>9</CodeLength>
			<CodeType>String</CodeType>
			<CodeAllowedLength>Fixed</CodeAllowedLength>
		</Properties>
		<ChildObjects/>
	</Catalog>
</MetaDataObject>