﻿<?xml version="1.0" encoding="UTF-8"?>
<MetaDataObject xmlns="http://v8.1c.ru/8.3/MDClasses" xmlns:app="http://v8.1c.ru/8.2/managed-application/core" xmlns:cfg="http://v8.1c.ru/8.1/data/enterprise/current-config" xmlns:cmi="http://v8.1c.ru/8.2/managed-application/cmi" xmlns:ent="http://v8.1c.ru/8.1/data/enterprise" xmlns:lf="http://v8.1c.ru/8.2/managed-application/logform" xmlns:style="http://v8.1c.ru/8.1/data/ui/style" xmlns:sys="http://v8.1c.ru/8.1/data/ui/fonts/system" xmlns:v8="http://v8.1c.ru/8.1/data/core" xmlns:v8ui="http://v8.1c.ru/8.1/data/ui" xmlns:web="http://v8.1c.ru/8.1/data/ui/colors/web" xmlns:win="http://v8.1c.ru/8.1/data/ui/colors/windows" xmlns:xen="http://v8.1c.ru/8.3/xcf/enums" xmlns:xpr="http://v8.1c.ru/8.3/xcf/predef" xmlns:xr="http://v8.1c.ru/8.3/xcf/readable" xmlns:xs="http://www.w3.org/2001/XMLSchema" xmlns:xsi="http://www.w3.org/2001/XMLSchema-instance" version="2.20">
	<Catalog uuid="d7e6752c-3f17-4856-8118-43f81aefb79b">
		<InternalInfo>
			<xr:GeneratedType name="CatalogObject.СтавкиНДС" category="Object">
				<xr:TypeId>9aaae869-1d1e-4e2f-9970-b64115400ed6</xr:TypeId>
				<xr:ValueId>1150dcae-eedf-481a-8215-5ef986ff6bdd</xr:ValueId>
			</xr:GeneratedType>
			<xr:GeneratedType name="CatalogRef.СтавкиНДС" category="Ref">
				<xr:TypeId>f8de1449-eb16-4eeb-ab6e-7abb63675a19</xr:TypeId>
				<xr:ValueId>b6ebddd2-dfab-4974-b998-0ce13145e66c</xr:ValueId>
			</xr:GeneratedType>
			<xr:GeneratedType name="CatalogSelection.СтавкиНДС" category="Selection">
				<xr:TypeId>15a14fdc-02fe-481e-bb02-4aa0bf055fd2</xr:TypeId>
				<xr:ValueId>63b417aa-f451-480c-9f58-38cb308c6d7e</xr:ValueId>
			</xr:GeneratedType>
			<xr:GeneratedType name="CatalogList.СтавкиНДС" category="List">
				<xr:TypeId>0949b728-b26f-419f-82f4-c382ba870cda</xr:TypeId>
				<xr:ValueId>a70c7b3e-eb90-4c61-8966-17ff116f2a12</xr:ValueId>
			</xr:GeneratedType>
			<xr:GeneratedType name="CatalogManager.СтавкиНДС" category="Manager">
				<xr:TypeId>ed3189dd-6eff-43fd-8e6f-2e5e6d91e453</xr:TypeId>
				<xr:ValueId>f67be01d-c6be-49ef-b07d-ef19c4a681a6</xr:ValueId>
			</xr:GeneratedType>
		</InternalInfo>
		<Properties>
			<ObjectBelonging>Adopted</ObjectBelonging>
			<Name>СтавкиНДС</Name>
			<Comment/>
			<ExtendedConfigurationObject>c5ecf75c-face-47dc-af39-22056a5212f4</ExtendedConfigurationObject>
		</Properties>
		<ChildObjects/>
	</Catalog>
</MetaDataObject>