﻿<?xml version="1.0" encoding="UTF-8"?>
<MetaDataObject xmlns="http://v8.1c.ru/8.3/MDClasses" xmlns:app="http://v8.1c.ru/8.2/managed-application/core" xmlns:cfg="http://v8.1c.ru/8.1/data/enterprise/current-config" xmlns:cmi="http://v8.1c.ru/8.2/managed-application/cmi" xmlns:ent="http://v8.1c.ru/8.1/data/enterprise" xmlns:lf="http://v8.1c.ru/8.2/managed-application/logform" xmlns:style="http://v8.1c.ru/8.1/data/ui/style" xmlns:sys="http://v8.1c.ru/8.1/data/ui/fonts/system" xmlns:v8="http://v8.1c.ru/8.1/data/core" xmlns:v8ui="http://v8.1c.ru/8.1/data/ui" xmlns:web="http://v8.1c.ru/8.1/data/ui/colors/web" xmlns:win="http://v8.1c.ru/8.1/data/ui/colors/windows" xmlns:xen="http://v8.1c.ru/8.3/xcf/enums" xmlns:xpr="http://v8.1c.ru/8.3/xcf/predef" xmlns:xr="http://v8.1c.ru/8.3/xcf/readable" xmlns:xs="http://www.w3.org/2001/XMLSchema" xmlns:xsi="http://www.w3.org/2001/XMLSchema-instance" version="2.18">
	<Configuration uuid="2dc6b7f1-4a07-41f0-812a-196ec6204df4">
		<InternalInfo>
			<xr:ContainedObject>
				<xr:ClassId>9cd510cd-abfc-11d4-9434-004095e12fc7</xr:ClassId>
				<xr:ObjectId>54426be7-f44b-4766-826e-436cf2460dfc</xr:ObjectId>
			</xr:ContainedObject>
			<xr:ContainedObject>
				<xr:ClassId>9fcd25a0-4822-11d4-9414-008048da11f9</xr:ClassId>
				<xr:ObjectId>f6747751-018c-40c1-8a6c-6c08e2973e20</xr:ObjectId>
			</xr:ContainedObject>
			<xr:ContainedObject>
				<xr:ClassId>e3687481-0a87-462c-a166-9f34594f9bba</xr:ClassId>
				<xr:ObjectId>29e56fb2-2e64-4a8c-9559-da78d01617a5</xr:ObjectId>
			</xr:ContainedObject>
			<xr:ContainedObject>
				<xr:ClassId>9de14907-ec23-4a07-96f0-85521cb6b53b</xr:ClassId>
				<xr:ObjectId>fd2283b5-8d16-4632-b724-e0f5115c8e7c</xr:ObjectId>
			</xr:ContainedObject>
			<xr:ContainedObject>
				<xr:ClassId>51f2d5d8-ea4d-4064-8892-82951750031e</xr:ClassId>
				<xr:ObjectId>0f6e6a6a-a0dc-45bc-8fab-34c3b0c69cee</xr:ObjectId>
			</xr:ContainedObject>
			<xr:ContainedObject>
				<xr:ClassId>e68182ea-4237-4383-967f-90c1e3370bc7</xr:ClassId>
				<xr:ObjectId>5a0a8ec0-db2e-407e-be8f-6c960a0ccfdb</xr:ObjectId>
			</xr:ContainedObject>
			<xr:ContainedObject>
				<xr:ClassId>fb282519-d103-4dd3-bc12-cb271d631dfc</xr:ClassId>
				<xr:ObjectId>c4874bed-3727-4a8e-8e1d-8f1e020448f2</xr:ObjectId>
			</xr:ContainedObject>
		</InternalInfo>
		<Properties>
			<ObjectBelonging>Adopted</ObjectBelonging>
			<Name>ITS_ПечатныеФормы</Name>
			<Synonym>
				<v8:item>
					<v8:lang>ru</v8:lang>
					<v8:content>Печатные формы (ITS)</v8:content>
				</v8:item>
			</Synonym>
			<Comment/>
			<ConfigurationExtensionPurpose>AddOn</ConfigurationExtensionPurpose>
			<KeepMappingToExtendedConfigurationObjectsByIDs>true</KeepMappingToExtendedConfigurationObjectsByIDs>
			<NamePrefix>ITS_</NamePrefix>
			<ConfigurationExtensionCompatibilityMode>Version8_3_24</ConfigurationExtensionCompatibilityMode>
			<DefaultRunMode>ManagedApplication</DefaultRunMode>
			<UsePurposes>
				<v8:Value xsi:type="app:ApplicationUsePurpose">PlatformApplication</v8:Value>
			</UsePurposes>
			<ScriptVariant>Russian</ScriptVariant>
			<DefaultRoles/>
			<Vendor/>
			<Version>1.0.1.1</Version>
			<DefaultLanguage>Language.Русский</DefaultLanguage>
			<BriefInformation/>
			<DetailedInformation/>
			<Copyright/>
			<VendorInformationAddress/>
			<ConfigurationInformationAddress/>
			<InterfaceCompatibilityMode>TaxiEnableVersion8_2</InterfaceCompatibilityMode>
		</Properties>
		<ChildObjects>
			<Language>Русский</Language>
			<StyleItem>ПоясняющийТекст</StyleItem>
			<StyleItem>ЦветТекстаПроблема</StyleItem>
			<StyleItem>ЦветФонаВыделения</StyleItem>
			<StyleItem>ГиперссылкаЦвет</StyleItem>
			<StyleItem>ИтогиФон</StyleItem>
			<CommonPicture>Отчеты</CommonPicture>
			<CommonPicture>Набор</CommonPicture>
			<CommonPicture>Наборы</CommonPicture>
			<CommonPicture>ЗаполнитьПоШаблону</CommonPicture>
			<CommonPicture>ЗаполнитьФорму</CommonPicture>
			<CommonModule>Ценообразование</CommonModule>
			<CommonModule>ОбщегоНазначения</CommonModule>
			<DefinedType>ДенежнаяСуммаЛюбогоЗнака</DefinedType>
			<DefinedType>ДенежнаяСуммаНеотрицательная</DefinedType>
			<DefinedType>Артикул</DefinedType>
			<DefinedType>Цена</DefinedType>
			<Catalog>Организации</Catalog>
			<Catalog>БанковскиеСчетаОрганизаций</Catalog>
			<Catalog>Валюты</Catalog>
			<Catalog>КлассификаторБанков</Catalog>
			<Catalog>НаправленияДеятельности</Catalog>
			<Catalog>ГруппыФинансовогоУчетаДенежныхСредств</Catalog>
			<Catalog>СтраныМира</Catalog>
			<Catalog>ГосударственныеКонтракты</Catalog>
			<Catalog>СтруктураПредприятия</Catalog>
			<Catalog>Контрагенты</Catalog>
			<Catalog>Партнеры</Catalog>
			<Catalog>ITS_Инкотермс</Catalog>
			<Catalog>НоменклатураКонтрагентов</Catalog>
			<Catalog>Номенклатура</Catalog>
			<Catalog>КартыЛояльности</Catalog>
			<Catalog>Склады</Catalog>
			<Catalog>ВидыЦен</Catalog>
			<Catalog>СтавкиНДС</Catalog>
			<Catalog>КонтактныеЛицаПартнеров</Catalog>
			<Catalog>СделкиСКлиентами</Catalog>
			<Catalog>Приоритеты</Catalog>
			<Catalog>СоглашенияСКлиентами</Catalog>
			<Catalog>ДоговорыКонтрагентов</Catalog>
			<Catalog>ХарактеристикиНоменклатуры</Catalog>
			<Catalog>СерииНоменклатуры</Catalog>
			<Catalog>УпаковкиЕдиницыИзмерения</Catalog>
			<Catalog>ПричиныОтменыЗаказовКлиентов</Catalog>
			<Catalog>ФизическиеЛица</Catalog>
			<Catalog>ЗоныДоставки</Catalog>
			<Catalog>Пользователи</Catalog>
			<Catalog>ГруппыФинансовогоУчетаРасчетов</Catalog>
			<Document>ЗаказКлиента</Document>
			<Document>КоммерческоеПредложениеКлиенту</Document>
			<Document>РасходныйОрдерНаТовары</Document>
			<Enum>ТипыБанковскихСчетов</Enum>
			<Enum>ВариантыВыводаМесяцаВДатеДокумента</Enum>
			<Enum>ФорматОбменаСБанком</Enum>
			<Enum>ОтветственныеЛицаОрганизаций</Enum>
			<Enum>СпособыДоставки</Enum>
			<Enum>ТипыНалогообложенияНДС</Enum>
			<Enum>СтатусыДействияВидовЦен</Enum>
			<Enum>СтатусыЗаказовКлиентов</Enum>
			<Enum>ТипыНоменклатуры</Enum>
			<Enum>ВариантыОформленияПродажи</Enum>
			<Enum>ХозяйственныеОперации</Enum>
			<Enum>ВариантыОбеспечения</Enum>
			<DataProcessor>ITS_ПечатьДокументов</DataProcessor>
		</ChildObjects>
	</Configuration>
</MetaDataObject>