﻿<?xml version="1.0" encoding="UTF-8"?>
<MetaDataObject xmlns="http://v8.1c.ru/8.3/MDClasses" xmlns:app="http://v8.1c.ru/8.2/managed-application/core" xmlns:cfg="http://v8.1c.ru/8.1/data/enterprise/current-config" xmlns:cmi="http://v8.1c.ru/8.2/managed-application/cmi" xmlns:ent="http://v8.1c.ru/8.1/data/enterprise" xmlns:lf="http://v8.1c.ru/8.2/managed-application/logform" xmlns:style="http://v8.1c.ru/8.1/data/ui/style" xmlns:sys="http://v8.1c.ru/8.1/data/ui/fonts/system" xmlns:v8="http://v8.1c.ru/8.1/data/core" xmlns:v8ui="http://v8.1c.ru/8.1/data/ui" xmlns:web="http://v8.1c.ru/8.1/data/ui/colors/web" xmlns:win="http://v8.1c.ru/8.1/data/ui/colors/windows" xmlns:xen="http://v8.1c.ru/8.3/xcf/enums" xmlns:xpr="http://v8.1c.ru/8.3/xcf/predef" xmlns:xr="http://v8.1c.ru/8.3/xcf/readable" xmlns:xs="http://www.w3.org/2001/XMLSchema" xmlns:xsi="http://www.w3.org/2001/XMLSchema-instance" version="2.18">
	<Document uuid="c222fc94-0756-44f9-bdc4-975893fa1076">
		<InternalInfo>
			<xr:GeneratedType name="DocumentObject.ЗаказКлиента" category="Object">
				<xr:TypeId>930ae6c3-5147-4fb1-bed5-0289d1551f19</xr:TypeId>
				<xr:ValueId>fb7f9249-3390-4ad6-9343-944840f4e243</xr:ValueId>
			</xr:GeneratedType>
			<xr:GeneratedType name="DocumentRef.ЗаказКлиента" category="Ref">
				<xr:TypeId>3cbe2da2-0f95-471e-b09e-46448df6646b</xr:TypeId>
				<xr:ValueId>c1e4c8d6-e59d-4e95-b95c-e79f2727c9ed</xr:ValueId>
			</xr:GeneratedType>
			<xr:GeneratedType name="DocumentSelection.ЗаказКлиента" category="Selection">
				<xr:TypeId>af40ee69-ce05-41b1-80ad-aabb62848257</xr:TypeId>
				<xr:ValueId>8139b5f6-cf6a-4450-b3f7-a651b0fa97c5</xr:ValueId>
			</xr:GeneratedType>
			<xr:GeneratedType name="DocumentList.ЗаказКлиента" category="List">
				<xr:TypeId>51a3cfa6-b71e-48c7-ac11-7ad58f951e44</xr:TypeId>
				<xr:ValueId>5147af0e-9ef9-49b6-bab1-535f046495ea</xr:ValueId>
			</xr:GeneratedType>
			<xr:GeneratedType name="DocumentManager.ЗаказКлиента" category="Manager">
				<xr:TypeId>ea077ad7-8005-45b3-a4d0-4fd110be6255</xr:TypeId>
				<xr:ValueId>662451a3-cb5b-4386-899d-6f085a6df698</xr:ValueId>
			</xr:GeneratedType>
		</InternalInfo>
		<Properties>
			<ObjectBelonging>Adopted</ObjectBelonging>
			<Name>ЗаказКлиента</Name>
			<Comment/>
			<ExtendedConfigurationObject>1ceef4a2-6b58-45a0-8a75-bb6e3004590f</ExtendedConfigurationObject>
			<NumberType>String</NumberType>
			<NumberLength>11</NumberLength>
			<NumberAllowedLength>Fixed</NumberAllowedLength>
			<RegisterRecords/>
		</Properties>
		<ChildObjects>
			<Attribute uuid="a9361213-705e-41e3-8b2a-c2fb20ba0f72">
				<InternalInfo/>
				<Properties>
					<ObjectBelonging>Adopted</ObjectBelonging>
					<Name>Организация</Name>
					<Comment/>
					<ExtendedConfigurationObject>c683aebd-f890-44bb-bbe3-b67f7e95b55b</ExtendedConfigurationObject>
					<Type>
						<v8:Type>cfg:CatalogRef.Организации</v8:Type>
					</Type>
				</Properties>
			</Attribute>
			<Attribute uuid="a025f4b9-15f5-4f63-a71e-a97f35bc28d4">
				<InternalInfo/>
				<Properties>
					<ObjectBelonging>Adopted</ObjectBelonging>
					<Name>БанковскийСчет</Name>
					<Comment/>
					<ExtendedConfigurationObject>592c838a-7e73-4b35-8faf-799f7d81cc15</ExtendedConfigurationObject>
					<Type>
						<v8:Type>cfg:CatalogRef.БанковскиеСчетаОрганизаций</v8:Type>
					</Type>
				</Properties>
			</Attribute>
			<Attribute uuid="d027a3c1-24fd-4a00-9db9-4253143092bc">
				<Properties>
					<Name>ITS_УсловияПоставки</Name>
					<Synonym>
						<v8:item>
							<v8:lang>ru</v8:lang>
							<v8:content>ITS условия поставки</v8:content>
						</v8:item>
					</Synonym>
					<Comment/>
					<Type>
						<v8:Type>cfg:CatalogRef.ITS_Инкотермс</v8:Type>
					</Type>
					<PasswordMode>false</PasswordMode>
					<Format/>
					<EditFormat/>
					<ToolTip/>
					<MarkNegatives>false</MarkNegatives>
					<Mask/>
					<MultiLine>false</MultiLine>
					<ExtendedEdit>false</ExtendedEdit>
					<MinValue xsi:nil="true"/>
					<MaxValue xsi:nil="true"/>
					<FillFromFillingValue>false</FillFromFillingValue>
					<FillValue xsi:nil="true"/>
					<FillChecking>DontCheck</FillChecking>
					<ChoiceFoldersAndItems>Items</ChoiceFoldersAndItems>
					<ChoiceParameterLinks/>
					<ChoiceParameters/>
					<QuickChoice>Auto</QuickChoice>
					<CreateOnInput>Auto</CreateOnInput>
					<ChoiceForm/>
					<LinkByType/>
					<ChoiceHistoryOnInput>Auto</ChoiceHistoryOnInput>
					<Indexing>DontIndex</Indexing>
					<FullTextSearch>Use</FullTextSearch>
					<DataHistory>Use</DataHistory>
				</Properties>
			</Attribute>
			<Attribute uuid="8a583810-718b-49b3-b257-0d33bdfa116b">
				<Properties>
					<Name>ITS_ДопУсловияПоставки</Name>
					<Synonym>
						<v8:item>
							<v8:lang>ru</v8:lang>
							<v8:content>Доп. условия поставки</v8:content>
						</v8:item>
					</Synonym>
					<Comment/>
					<Type>
						<v8:Type>xs:string</v8:Type>
						<v8:StringQualifiers>
							<v8:Length>0</v8:Length>
							<v8:AllowedLength>Variable</v8:AllowedLength>
						</v8:StringQualifiers>
					</Type>
					<PasswordMode>false</PasswordMode>
					<Format/>
					<EditFormat/>
					<ToolTip/>
					<MarkNegatives>false</MarkNegatives>
					<Mask/>
					<MultiLine>false</MultiLine>
					<ExtendedEdit>false</ExtendedEdit>
					<MinValue xsi:nil="true"/>
					<MaxValue xsi:nil="true"/>
					<FillFromFillingValue>false</FillFromFillingValue>
					<FillValue xsi:type="xs:string"/>
					<FillChecking>DontCheck</FillChecking>
					<ChoiceFoldersAndItems>Items</ChoiceFoldersAndItems>
					<ChoiceParameterLinks/>
					<ChoiceParameters/>
					<QuickChoice>Auto</QuickChoice>
					<CreateOnInput>Auto</CreateOnInput>
					<ChoiceForm/>
					<LinkByType/>
					<ChoiceHistoryOnInput>Auto</ChoiceHistoryOnInput>
					<Indexing>DontIndex</Indexing>
					<FullTextSearch>Use</FullTextSearch>
					<DataHistory>Use</DataHistory>
				</Properties>
			</Attribute>
			<Attribute uuid="6efeaa92-1f3a-431b-863e-c6a8adfd0015">
				<Properties>
					<Name>ITS_СрокПоставки</Name>
					<Synonym>
						<v8:item>
							<v8:lang>ru</v8:lang>
							<v8:content>ITS срок поставки</v8:content>
						</v8:item>
					</Synonym>
					<Comment/>
					<Type>
						<v8:Type>xs:string</v8:Type>
						<v8:StringQualifiers>
							<v8:Length>10</v8:Length>
							<v8:AllowedLength>Variable</v8:AllowedLength>
						</v8:StringQualifiers>
					</Type>
					<PasswordMode>false</PasswordMode>
					<Format/>
					<EditFormat/>
					<ToolTip/>
					<MarkNegatives>false</MarkNegatives>
					<Mask/>
					<MultiLine>false</MultiLine>
					<ExtendedEdit>false</ExtendedEdit>
					<MinValue xsi:nil="true"/>
					<MaxValue xsi:nil="true"/>
					<FillFromFillingValue>false</FillFromFillingValue>
					<FillValue xsi:type="xs:string"/>
					<FillChecking>DontCheck</FillChecking>
					<ChoiceFoldersAndItems>Items</ChoiceFoldersAndItems>
					<ChoiceParameterLinks/>
					<ChoiceParameters/>
					<QuickChoice>Auto</QuickChoice>
					<CreateOnInput>Auto</CreateOnInput>
					<ChoiceForm/>
					<LinkByType/>
					<ChoiceHistoryOnInput>Auto</ChoiceHistoryOnInput>
					<Indexing>DontIndex</Indexing>
					<FullTextSearch>Use</FullTextSearch>
					<DataHistory>Use</DataHistory>
				</Properties>
			</Attribute>
			<Attribute uuid="fdb700f9-39e6-446e-9465-1fd973c56b78">
				<InternalInfo/>
				<Properties>
					<ObjectBelonging>Adopted</ObjectBelonging>
					<Name>ВремяДоставкиС</Name>
					<Comment/>
					<ExtendedConfigurationObject>127f85d7-0ba7-4605-8b59-b55e9e875219</ExtendedConfigurationObject>
					<Type>
						<v8:Type>xs:dateTime</v8:Type>
						<v8:DateQualifiers>
							<v8:DateFractions>Time</v8:DateFractions>
						</v8:DateQualifiers>
					</Type>
				</Properties>
			</Attribute>
			<Attribute uuid="4d0cf8e7-ba1b-4d21-ab80-d93255ee2929">
				<InternalInfo/>
				<Properties>
					<ObjectBelonging>Adopted</ObjectBelonging>
					<Name>ХозяйственнаяОперация</Name>
					<Comment/>
					<ExtendedConfigurationObject>2261fcc3-938d-4df2-a64b-de5601c36355</ExtendedConfigurationObject>
					<Type>
						<v8:Type>cfg:EnumRef.ХозяйственныеОперации</v8:Type>
					</Type>
				</Properties>
			</Attribute>
			<Attribute uuid="9aef350a-dac5-4877-9458-990ba88cc782">
				<InternalInfo/>
				<Properties>
					<ObjectBelonging>Adopted</ObjectBelonging>
					<Name>ДокументОснование</Name>
					<Comment/>
					<ExtendedConfigurationObject>37cf8891-f7e5-4223-a4fe-8aa0212b88aa</ExtendedConfigurationObject>
					<Type>
						<v8:TypeSet>cfg:AnyIBRef</v8:TypeSet>
					</Type>
				</Properties>
			</Attribute>
			<Attribute uuid="078a65a1-5715-4c53-9251-5610a0aa6bea">
				<InternalInfo/>
				<Properties>
					<ObjectBelonging>Adopted</ObjectBelonging>
					<Name>Контрагент</Name>
					<Comment/>
					<ExtendedConfigurationObject>3d68151c-a9dd-450f-8139-3be6ac926f58</ExtendedConfigurationObject>
					<Type>
						<v8:Type>cfg:CatalogRef.Контрагенты</v8:Type>
					</Type>
				</Properties>
			</Attribute>
			<Attribute uuid="d3691b3e-4200-4428-b271-d33a9d40cf83">
				<InternalInfo/>
				<Properties>
					<ObjectBelonging>Adopted</ObjectBelonging>
					<Name>Сделка</Name>
					<Comment/>
					<ExtendedConfigurationObject>c52d49cc-c442-472e-9894-2b37fc9463d8</ExtendedConfigurationObject>
					<Type>
						<v8:Type>cfg:CatalogRef.СделкиСКлиентами</v8:Type>
					</Type>
				</Properties>
			</Attribute>
			<Attribute uuid="9a8bc688-abf8-4f17-b79a-82e66b6a3803">
				<InternalInfo/>
				<Properties>
					<ObjectBelonging>Adopted</ObjectBelonging>
					<Name>Склад</Name>
					<Comment/>
					<ExtendedConfigurationObject>21767e3f-5e9d-43d3-803c-eaf6279e10db</ExtendedConfigurationObject>
					<Type>
						<v8:Type>cfg:CatalogRef.Склады</v8:Type>
					</Type>
				</Properties>
			</Attribute>
			<Attribute uuid="bc4fcd1f-9984-43f9-af4a-89d50fe2a1cd">
				<InternalInfo/>
				<Properties>
					<ObjectBelonging>Adopted</ObjectBelonging>
					<Name>НеОтгружатьЧастями</Name>
					<Comment/>
					<ExtendedConfigurationObject>76b30229-cb79-4cb9-8e01-5ed67d9ee325</ExtendedConfigurationObject>
					<Type>
						<v8:Type>xs:boolean</v8:Type>
					</Type>
				</Properties>
			</Attribute>
			<Attribute uuid="0acf22e1-b501-45f4-982a-d5d9d7fa8309">
				<InternalInfo/>
				<Properties>
					<ObjectBelonging>Adopted</ObjectBelonging>
					<Name>Статус</Name>
					<Comment/>
					<ExtendedConfigurationObject>a8d06692-73f7-469f-a6a7-388a13d421d2</ExtendedConfigurationObject>
					<Type>
						<v8:Type>cfg:EnumRef.СтатусыЗаказовКлиентов</v8:Type>
					</Type>
				</Properties>
			</Attribute>
			<Attribute uuid="a8626c60-b40a-4e01-813b-65a6d4ecf6ed">
				<InternalInfo/>
				<Properties>
					<ObjectBelonging>Adopted</ObjectBelonging>
					<Name>ЦенаВключаетНДС</Name>
					<Comment/>
					<ExtendedConfigurationObject>9d586092-eec8-4393-9c3e-4de4c3b37ad3</ExtendedConfigurationObject>
					<Type>
						<v8:Type>xs:boolean</v8:Type>
					</Type>
				</Properties>
			</Attribute>
			<Attribute uuid="22f54fe1-a9c3-4cab-83e1-7d1fd740b5e1">
				<InternalInfo/>
				<Properties>
					<ObjectBelonging>Adopted</ObjectBelonging>
					<Name>Приоритет</Name>
					<Comment/>
					<ExtendedConfigurationObject>7fc5a158-e594-46e8-9ce7-851071b84ff6</ExtendedConfigurationObject>
					<Type>
						<v8:Type>cfg:CatalogRef.Приоритеты</v8:Type>
					</Type>
				</Properties>
			</Attribute>
			<Attribute uuid="bf9bd4de-853f-4584-a8a4-56f1311808f7">
				<InternalInfo/>
				<Properties>
					<ObjectBelonging>Adopted</ObjectBelonging>
					<Name>Партнер</Name>
					<Comment/>
					<ExtendedConfigurationObject>b6951ae3-bd6b-4547-a0ed-f8cb252badb3</ExtendedConfigurationObject>
					<Type>
						<v8:Type>cfg:CatalogRef.Партнеры</v8:Type>
					</Type>
				</Properties>
			</Attribute>
			<Attribute uuid="7ad9349f-5953-48c1-9189-170372a26c23">
				<InternalInfo/>
				<Properties>
					<ObjectBelonging>Adopted</ObjectBelonging>
					<Name>Соглашение</Name>
					<Comment/>
					<ExtendedConfigurationObject>3c728d38-3039-41f6-b288-2b92f32630c3</ExtendedConfigurationObject>
					<Type>
						<v8:Type>cfg:CatalogRef.СоглашенияСКлиентами</v8:Type>
					</Type>
				</Properties>
			</Attribute>
			<Attribute uuid="a466e9dd-6064-4cdb-b156-0527a4457931">
				<InternalInfo/>
				<Properties>
					<ObjectBelonging>Adopted</ObjectBelonging>
					<Name>Комментарий</Name>
					<Comment/>
					<ExtendedConfigurationObject>9b03f67d-2b7d-4c73-a988-943a154dbef7</ExtendedConfigurationObject>
					<Type>
						<v8:Type>xs:string</v8:Type>
						<v8:StringQualifiers>
							<v8:Length>0</v8:Length>
							<v8:AllowedLength>Variable</v8:AllowedLength>
						</v8:StringQualifiers>
					</Type>
				</Properties>
			</Attribute>
			<Attribute uuid="31d56ca6-4844-4e41-9e0e-957ab47cba39">
				<InternalInfo/>
				<Properties>
					<ObjectBelonging>Adopted</ObjectBelonging>
					<Name>Договор</Name>
					<Comment/>
					<ExtendedConfigurationObject>75bf369d-e0ba-4ded-a392-7292f757e439</ExtendedConfigurationObject>
					<Type>
						<v8:Type>cfg:CatalogRef.ДоговорыКонтрагентов</v8:Type>
					</Type>
				</Properties>
			</Attribute>
			<Attribute uuid="509e1295-9498-469d-a5bc-808a19ea246f">
				<InternalInfo/>
				<Properties>
					<ObjectBelonging>Adopted</ObjectBelonging>
					<Name>Валюта</Name>
					<Comment/>
					<ExtendedConfigurationObject>0a1a3da1-943d-49ab-9c34-a8ed2e386612</ExtendedConfigurationObject>
					<Type>
						<v8:Type>cfg:CatalogRef.Валюты</v8:Type>
					</Type>
				</Properties>
			</Attribute>
			<Attribute uuid="f66886a4-2583-4801-bd38-1a17f23aa6b0">
				<InternalInfo/>
				<Properties>
					<ObjectBelonging>Adopted</ObjectBelonging>
					<Name>ДатаОтгрузки</Name>
					<Comment/>
					<ExtendedConfigurationObject>d462888a-fa46-4e10-842a-8647c5c2ab42</ExtendedConfigurationObject>
					<Type>
						<v8:Type>xs:dateTime</v8:Type>
						<v8:DateQualifiers>
							<v8:DateFractions>Date</v8:DateFractions>
						</v8:DateQualifiers>
					</Type>
				</Properties>
			</Attribute>
			<Attribute uuid="647a5994-f43a-44fa-a771-b500a82992f8">
				<InternalInfo/>
				<Properties>
					<ObjectBelonging>Adopted</ObjectBelonging>
					<Name>СпособДоставки</Name>
					<Comment/>
					<ExtendedConfigurationObject>f48d8ca3-6522-4dc0-af37-e19df41c0c7a</ExtendedConfigurationObject>
					<Type>
						<v8:Type>cfg:EnumRef.СпособыДоставки</v8:Type>
					</Type>
				</Properties>
			</Attribute>
			<Attribute uuid="5235ac5d-fdd3-4bf2-aa68-88e223f7add8">
				<InternalInfo/>
				<Properties>
					<ObjectBelonging>Adopted</ObjectBelonging>
					<Name>ПеревозчикПартнер</Name>
					<Comment/>
					<ExtendedConfigurationObject>8a643f35-57bd-47b4-a6cb-8ccd91747e80</ExtendedConfigurationObject>
					<Type>
						<v8:Type>cfg:CatalogRef.Партнеры</v8:Type>
					</Type>
				</Properties>
			</Attribute>
			<Attribute uuid="ff88cc15-48f4-467c-a7eb-ed9aedea096e">
				<InternalInfo/>
				<Properties>
					<ObjectBelonging>Adopted</ObjectBelonging>
					<Name>Курьер</Name>
					<Comment/>
					<ExtendedConfigurationObject>e8fdcc4e-50e4-46d2-94f3-56ca2c6dd254</ExtendedConfigurationObject>
					<Type>
						<v8:Type>cfg:CatalogRef.ФизическиеЛица</v8:Type>
					</Type>
				</Properties>
			</Attribute>
			<Attribute uuid="60792000-8ae3-47c4-b1ae-3dd518c5d224">
				<InternalInfo/>
				<Properties>
					<ObjectBelonging>Adopted</ObjectBelonging>
					<Name>АдресДоставки</Name>
					<Comment/>
					<ExtendedConfigurationObject>bc12b8ff-a823-487b-a51a-f61d0170e694</ExtendedConfigurationObject>
					<Type>
						<v8:Type>xs:string</v8:Type>
						<v8:StringQualifiers>
							<v8:Length>500</v8:Length>
							<v8:AllowedLength>Variable</v8:AllowedLength>
						</v8:StringQualifiers>
					</Type>
				</Properties>
			</Attribute>
			<Attribute uuid="4dcb8fd9-2039-4d43-857b-03e969a645bd">
				<InternalInfo/>
				<Properties>
					<ObjectBelonging>Adopted</ObjectBelonging>
					<Name>ЗонаДоставки</Name>
					<Comment/>
					<ExtendedConfigurationObject>3342cd86-2e59-445c-84de-a9192f81d0cf</ExtendedConfigurationObject>
					<Type>
						<v8:Type>cfg:CatalogRef.ЗоныДоставки</v8:Type>
					</Type>
				</Properties>
			</Attribute>
			<Attribute uuid="843bd890-b0ce-4281-9fc1-e6ce27bb1577">
				<InternalInfo/>
				<Properties>
					<ObjectBelonging>Adopted</ObjectBelonging>
					<Name>ВремяДоставкиПо</Name>
					<Comment/>
					<ExtendedConfigurationObject>5f7e918e-aad7-449a-aa66-4ffb20f84ce5</ExtendedConfigurationObject>
					<Type>
						<v8:Type>xs:dateTime</v8:Type>
						<v8:DateQualifiers>
							<v8:DateFractions>Time</v8:DateFractions>
						</v8:DateQualifiers>
					</Type>
				</Properties>
			</Attribute>
			<Attribute uuid="49b6dec5-320f-4d44-9796-7006ef6a2b61">
				<InternalInfo/>
				<Properties>
					<ObjectBelonging>Adopted</ObjectBelonging>
					<Name>ДатаСогласования</Name>
					<Comment/>
					<ExtendedConfigurationObject>96c04109-3e56-4de3-a840-142f6106f401</ExtendedConfigurationObject>
					<Type>
						<v8:Type>xs:dateTime</v8:Type>
						<v8:DateQualifiers>
							<v8:DateFractions>Date</v8:DateFractions>
						</v8:DateQualifiers>
					</Type>
				</Properties>
			</Attribute>
			<Attribute uuid="c3038898-1488-465f-ba05-806ca774e6dc">
				<InternalInfo/>
				<Properties>
					<ObjectBelonging>Adopted</ObjectBelonging>
					<Name>ДополнительнаяИнформацияПоДоставке</Name>
					<Comment/>
					<ExtendedConfigurationObject>a61c0d09-31e0-4917-a93f-ee095f6af0d5</ExtendedConfigurationObject>
					<Type>
						<v8:Type>xs:string</v8:Type>
						<v8:StringQualifiers>
							<v8:Length>0</v8:Length>
							<v8:AllowedLength>Variable</v8:AllowedLength>
						</v8:StringQualifiers>
					</Type>
				</Properties>
			</Attribute>
			<Attribute uuid="2128f5b1-a7ca-4a04-bfa2-6618ededd0fa">
				<InternalInfo/>
				<Properties>
					<ObjectBelonging>Adopted</ObjectBelonging>
					<Name>ОсобыеУсловияПеревозки</Name>
					<Comment/>
					<ExtendedConfigurationObject>2f12090c-6023-4741-830b-e5250af99b12</ExtendedConfigurationObject>
					<Type>
						<v8:Type>xs:boolean</v8:Type>
					</Type>
				</Properties>
			</Attribute>
			<Attribute uuid="4415b182-29a1-40f0-b196-6fe8137d14f3">
				<InternalInfo/>
				<Properties>
					<ObjectBelonging>Adopted</ObjectBelonging>
					<Name>ОсобыеУсловияПеревозкиОписание</Name>
					<Comment/>
					<ExtendedConfigurationObject>77bc7ba4-f39f-48a6-9645-1868792736eb</ExtendedConfigurationObject>
					<Type>
						<v8:Type>xs:string</v8:Type>
						<v8:StringQualifiers>
							<v8:Length>0</v8:Length>
							<v8:AllowedLength>Variable</v8:AllowedLength>
						</v8:StringQualifiers>
					</Type>
				</Properties>
			</Attribute>
			<Attribute uuid="4a233bff-9921-48fd-b330-cf7a84299348">
				<InternalInfo/>
				<Properties>
					<ObjectBelonging>Adopted</ObjectBelonging>
					<Name>АдресДоставкиПеревозчика</Name>
					<Comment/>
					<ExtendedConfigurationObject>6e0e594c-aeb1-4149-bfd9-8026e01227c0</ExtendedConfigurationObject>
					<Type>
						<v8:Type>xs:string</v8:Type>
						<v8:StringQualifiers>
							<v8:Length>500</v8:Length>
							<v8:AllowedLength>Variable</v8:AllowedLength>
						</v8:StringQualifiers>
					</Type>
				</Properties>
			</Attribute>
			<Attribute uuid="c86f3efa-6b5e-48fb-837e-cdcc9dcb920d">
				<InternalInfo/>
				<Properties>
					<ObjectBelonging>Adopted</ObjectBelonging>
					<Name>Менеджер</Name>
					<Comment/>
					<ExtendedConfigurationObject>1974cb5e-5162-4f59-90ce-866449e6abe0</ExtendedConfigurationObject>
					<Type>
						<v8:Type>cfg:CatalogRef.Пользователи</v8:Type>
					</Type>
				</Properties>
			</Attribute>
			<Attribute uuid="ca53dc3e-25bb-4701-85ac-3c5b2c351759">
				<InternalInfo/>
				<Properties>
					<ObjectBelonging>Adopted</ObjectBelonging>
					<Name>Сборщик</Name>
					<Comment/>
					<ExtendedConfigurationObject>7fd4fa56-230b-44f0-83c8-8ff798086da3</ExtendedConfigurationObject>
					<Type>
						<v8:Type>cfg:CatalogRef.ФизическиеЛица</v8:Type>
					</Type>
				</Properties>
			</Attribute>
			<Attribute uuid="3de29841-ea85-4d35-8b3c-e388bb9f92ec">
				<InternalInfo/>
				<Properties>
					<ObjectBelonging>Adopted</ObjectBelonging>
					<Name>Подразделение</Name>
					<Comment/>
					<ExtendedConfigurationObject>a58e515c-907f-4bc5-9df7-29265a46385b</ExtendedConfigurationObject>
					<Type>
						<v8:Type>cfg:CatalogRef.СтруктураПредприятия</v8:Type>
					</Type>
				</Properties>
			</Attribute>
			<Attribute uuid="4b24b87a-9882-4454-934e-b7458b7fafaa">
				<InternalInfo/>
				<Properties>
					<ObjectBelonging>Adopted</ObjectBelonging>
					<Name>КонтактноеЛицо</Name>
					<Comment/>
					<ExtendedConfigurationObject>e3902ecc-8770-45b7-87d0-dc9f6101ea8b</ExtendedConfigurationObject>
					<Type>
						<v8:Type>cfg:CatalogRef.КонтактныеЛицаПартнеров</v8:Type>
					</Type>
				</Properties>
			</Attribute>
			<Attribute uuid="4f687982-6b2a-4093-995f-48627332e767">
				<InternalInfo/>
				<Properties>
					<ObjectBelonging>Adopted</ObjectBelonging>
					<Name>ГруппаФинансовогоУчета</Name>
					<Comment/>
					<ExtendedConfigurationObject>fb8304b6-0837-4a24-8ead-1bfebb20e6ac</ExtendedConfigurationObject>
					<Type>
						<v8:Type>cfg:CatalogRef.ГруппыФинансовогоУчетаРасчетов</v8:Type>
					</Type>
				</Properties>
			</Attribute>
			<Attribute uuid="8fb3215e-06f8-49bd-967f-cb9cb78fcd7a">
				<InternalInfo/>
				<Properties>
					<ObjectBelonging>Adopted</ObjectBelonging>
					<Name>КартаЛояльности</Name>
					<Comment/>
					<ExtendedConfigurationObject>f7ef7a5c-7934-414b-9e7a-dfbd79f3a8da</ExtendedConfigurationObject>
					<Type>
						<v8:Type>cfg:CatalogRef.КартыЛояльности</v8:Type>
					</Type>
				</Properties>
			</Attribute>
			<Attribute uuid="d8c47a09-2ce0-403f-b844-a6c31e1ba77f">
				<InternalInfo/>
				<Properties>
					<ObjectBelonging>Adopted</ObjectBelonging>
					<Name>НаправлениеДеятельности</Name>
					<Comment/>
					<ExtendedConfigurationObject>9e1e4232-3eac-46d0-b049-8de26dd2c970</ExtendedConfigurationObject>
					<Type>
						<v8:Type>cfg:CatalogRef.НаправленияДеятельности</v8:Type>
					</Type>
				</Properties>
			</Attribute>
			<Attribute uuid="c8533b62-9e8d-464c-8b52-cdaf1fbd0044">
				<InternalInfo/>
				<Properties>
					<ObjectBelonging>Adopted</ObjectBelonging>
					<Name>Автор</Name>
					<Comment/>
					<ExtendedConfigurationObject>e1db6dac-b3bd-439d-b32b-faf174bb385a</ExtendedConfigurationObject>
					<Type>
						<v8:TypeSet>cfg:AnyIBRef</v8:TypeSet>
					</Type>
				</Properties>
			</Attribute>
			<Attribute uuid="f3c0a29a-9446-4ea2-9d32-f66ad9f31e84">
				<InternalInfo/>
				<Properties>
					<ObjectBelonging>Adopted</ObjectBelonging>
					<Name>НалогообложениеНДС</Name>
					<Comment/>
					<ExtendedConfigurationObject>a7c571ab-cd0f-4320-8959-d004d7603976</ExtendedConfigurationObject>
					<Type>
						<v8:Type>cfg:EnumRef.ТипыНалогообложенияНДС</v8:Type>
					</Type>
				</Properties>
			</Attribute>
			<Attribute uuid="25fa7629-e678-42c7-accc-f81fde4ec311">
				<InternalInfo/>
				<Properties>
					<ObjectBelonging>Adopted</ObjectBelonging>
					<Name>ВернутьМногооборотнуюТару</Name>
					<Comment/>
					<ExtendedConfigurationObject>f7c9377c-0a09-44d3-8465-477c37142120</ExtendedConfigurationObject>
					<Type>
						<v8:Type>xs:boolean</v8:Type>
					</Type>
				</Properties>
			</Attribute>
			<Attribute uuid="8fdc2ace-8ea1-411c-a19e-a90a9a4f2ff0">
				<InternalInfo/>
				<Properties>
					<ObjectBelonging>Adopted</ObjectBelonging>
					<Name>СрокВозвратаМногооборотнойТары</Name>
					<Comment/>
					<ExtendedConfigurationObject>7dbbd8a7-c07a-4a85-8508-4a9353f54574</ExtendedConfigurationObject>
					<Type>
						<v8:Type>xs:decimal</v8:Type>
						<v8:NumberQualifiers>
							<v8:Digits>3</v8:Digits>
							<v8:FractionDigits>0</v8:FractionDigits>
							<v8:AllowedSign>Nonnegative</v8:AllowedSign>
						</v8:NumberQualifiers>
					</Type>
				</Properties>
			</Attribute>
			<Attribute uuid="83695b50-191e-432b-b703-6fc0816221ad">
				<InternalInfo/>
				<Properties>
					<ObjectBelonging>Adopted</ObjectBelonging>
					<Name>ТребуетсяЗалогЗаТару</Name>
					<Comment/>
					<ExtendedConfigurationObject>c362aba9-d397-49be-8ad0-2bf72c79da32</ExtendedConfigurationObject>
					<Type>
						<v8:Type>xs:boolean</v8:Type>
					</Type>
				</Properties>
			</Attribute>
			<Attribute uuid="eddc26ab-12b1-4a7f-8cae-40ffbe081171">
				<InternalInfo/>
				<Properties>
					<ObjectBelonging>Adopted</ObjectBelonging>
					<Name>НомерПоДаннымКлиента</Name>
					<Comment/>
					<ExtendedConfigurationObject>872dcece-786c-416e-bfa4-4ce98df56dd6</ExtendedConfigurationObject>
					<Type>
						<v8:Type>xs:string</v8:Type>
						<v8:StringQualifiers>
							<v8:Length>50</v8:Length>
							<v8:AllowedLength>Variable</v8:AllowedLength>
						</v8:StringQualifiers>
					</Type>
				</Properties>
			</Attribute>
			<Attribute uuid="c9ec7cef-48b1-4036-8d7b-d4d30f0d223d">
				<InternalInfo/>
				<Properties>
					<ObjectBelonging>Adopted</ObjectBelonging>
					<Name>ДатаПоДаннымКлиента</Name>
					<Comment/>
					<ExtendedConfigurationObject>1c757d5d-0c97-4216-8b3f-90737b1b485f</ExtendedConfigurationObject>
					<Type>
						<v8:Type>xs:dateTime</v8:Type>
						<v8:DateQualifiers>
							<v8:DateFractions>Date</v8:DateFractions>
						</v8:DateQualifiers>
					</Type>
				</Properties>
			</Attribute>
			<Attribute uuid="c15be591-b920-4607-b746-8f7f80a831de">
				<InternalInfo/>
				<Properties>
					<ObjectBelonging>Adopted</ObjectBelonging>
					<Name>ДополнительнаяИнформация</Name>
					<Comment/>
					<ExtendedConfigurationObject>eda7bac8-5afa-44f2-b11b-30c3140ba4d4</ExtendedConfigurationObject>
					<Type>
						<v8:Type>xs:string</v8:Type>
						<v8:StringQualifiers>
							<v8:Length>0</v8:Length>
							<v8:AllowedLength>Variable</v8:AllowedLength>
						</v8:StringQualifiers>
					</Type>
				</Properties>
			</Attribute>
			<Attribute uuid="353bfbe9-2abc-4212-8935-a02e05f5a3cc">
				<InternalInfo/>
				<Properties>
					<ObjectBelonging>Adopted</ObjectBelonging>
					<Name>Грузополучатель</Name>
					<Comment/>
					<ExtendedConfigurationObject>b95556d1-ed9c-4bdb-a425-756fd5f63dd4</ExtendedConfigurationObject>
					<Type>
						<v8:Type>cfg:CatalogRef.Контрагенты</v8:Type>
					</Type>
				</Properties>
			</Attribute>
			<Form>РеквизитыПечати</Form>
			<Form>ФормаДокумента</Form>
			<TabularSection uuid="9e63a730-716b-44ec-b0d6-61ad61be834a">
				<InternalInfo>
					<xr:GeneratedType name="DocumentTabularSection.ЗаказКлиента.Товары" category="TabularSection">
						<xr:TypeId>deb3bf4f-33eb-470b-b7e2-5c96adb394cd</xr:TypeId>
						<xr:ValueId>335ac06a-7489-4f0c-b6e1-cfbd1e04a5dc</xr:ValueId>
					</xr:GeneratedType>
					<xr:GeneratedType name="DocumentTabularSectionRow.ЗаказКлиента.Товары" category="TabularSectionRow">
						<xr:TypeId>2b37b687-5314-452d-b9dc-29cfdbe16e8d</xr:TypeId>
						<xr:ValueId>fb1a5997-c04a-4c99-a22e-5c60653f8425</xr:ValueId>
					</xr:GeneratedType>
				</InternalInfo>
				<Properties>
					<ObjectBelonging>Adopted</ObjectBelonging>
					<Name>Товары</Name>
					<Comment/>
					<ExtendedConfigurationObject>7b526229-3286-418a-920a-ff15a9b3ec48</ExtendedConfigurationObject>
				</Properties>
				<ChildObjects>
					<Attribute uuid="7a87be4b-0599-437e-862a-1e8f593da11b">
						<InternalInfo/>
						<Properties>
							<ObjectBelonging>Adopted</ObjectBelonging>
							<Name>Отменено</Name>
							<Comment/>
							<ExtendedConfigurationObject>ffeb3fd7-4078-4908-9b27-a77155e26744</ExtendedConfigurationObject>
							<Type>
								<v8:Type>xs:boolean</v8:Type>
							</Type>
						</Properties>
					</Attribute>
					<Attribute uuid="bcfe985d-67c2-4828-b69a-181200180c71">
						<InternalInfo/>
						<Properties>
							<ObjectBelonging>Adopted</ObjectBelonging>
							<Name>КодСтроки</Name>
							<Comment/>
							<ExtendedConfigurationObject>5c903d97-280f-4725-81a1-6c46aa3d2e39</ExtendedConfigurationObject>
							<Type>
								<v8:Type>xs:decimal</v8:Type>
								<v8:NumberQualifiers>
									<v8:Digits>10</v8:Digits>
									<v8:FractionDigits>0</v8:FractionDigits>
									<v8:AllowedSign>Any</v8:AllowedSign>
								</v8:NumberQualifiers>
							</Type>
						</Properties>
					</Attribute>
					<Attribute uuid="431b6833-b750-4c44-8718-fb51336e4fb2">
						<InternalInfo/>
						<Properties>
							<ObjectBelonging>Adopted</ObjectBelonging>
							<Name>Номенклатура</Name>
							<Comment/>
							<ExtendedConfigurationObject>da473af6-1960-4683-b941-b8e3988be4fb</ExtendedConfigurationObject>
							<Type>
								<v8:Type>cfg:CatalogRef.Номенклатура</v8:Type>
							</Type>
						</Properties>
					</Attribute>
					<Attribute uuid="234cb765-e815-46bb-9cd9-10f89ec4e4ee">
						<InternalInfo/>
						<Properties>
							<ObjectBelonging>Adopted</ObjectBelonging>
							<Name>КоличествоУпаковок</Name>
							<Comment/>
							<ExtendedConfigurationObject>4bca1976-4244-47db-9333-d6f0a0945532</ExtendedConfigurationObject>
							<Type>
								<v8:Type>xs:decimal</v8:Type>
								<v8:NumberQualifiers>
									<v8:Digits>15</v8:Digits>
									<v8:FractionDigits>3</v8:FractionDigits>
									<v8:AllowedSign>Nonnegative</v8:AllowedSign>
								</v8:NumberQualifiers>
							</Type>
						</Properties>
					</Attribute>
					<Attribute uuid="3aca2081-a685-43bd-a991-736706f0450a">
						<InternalInfo/>
						<Properties>
							<ObjectBelonging>Adopted</ObjectBelonging>
							<Name>Содержание</Name>
							<Comment/>
							<ExtendedConfigurationObject>0f0d0d47-2b95-437a-b70d-91739f0f70ed</ExtendedConfigurationObject>
							<Type>
								<v8:Type>xs:string</v8:Type>
								<v8:StringQualifiers>
									<v8:Length>1000</v8:Length>
									<v8:AllowedLength>Variable</v8:AllowedLength>
								</v8:StringQualifiers>
							</Type>
						</Properties>
					</Attribute>
					<Attribute uuid="2e6e6759-9d74-45e9-89af-82c1f8d257ba">
						<InternalInfo/>
						<Properties>
							<ObjectBelonging>Adopted</ObjectBelonging>
							<Name>ПроцентАвтоматическойСкидки</Name>
							<Comment/>
							<ExtendedConfigurationObject>8764551f-55d1-4162-876b-d06c5f2d381c</ExtendedConfigurationObject>
							<Type>
								<v8:Type>xs:decimal</v8:Type>
								<v8:NumberQualifiers>
									<v8:Digits>5</v8:Digits>
									<v8:FractionDigits>2</v8:FractionDigits>
									<v8:AllowedSign>Any</v8:AllowedSign>
								</v8:NumberQualifiers>
							</Type>
						</Properties>
					</Attribute>
					<Attribute uuid="da7bee96-364b-4d53-b5c5-af882a66a8d2">
						<InternalInfo/>
						<Properties>
							<ObjectBelonging>Adopted</ObjectBelonging>
							<Name>Склад</Name>
							<Comment/>
							<ExtendedConfigurationObject>60d47e52-6b3e-4f62-8337-412bddf599d2</ExtendedConfigurationObject>
							<Type>
								<v8:Type>cfg:CatalogRef.Склады</v8:Type>
							</Type>
						</Properties>
					</Attribute>
					<Attribute uuid="e745d15d-bf3d-4b71-a4cb-d39dc6adc95b">
						<InternalInfo/>
						<Properties>
							<ObjectBelonging>Adopted</ObjectBelonging>
							<Name>ВидЦены</Name>
							<Comment/>
							<ExtendedConfigurationObject>9106ea63-39cc-454e-b34b-dcf8dc95d2e4</ExtendedConfigurationObject>
							<Type>
								<v8:Type>cfg:CatalogRef.ВидыЦен</v8:Type>
							</Type>
						</Properties>
					</Attribute>
					<Attribute uuid="775660ac-f09d-494e-90a3-325feffee467">
						<InternalInfo/>
						<Properties>
							<ObjectBelonging>Adopted</ObjectBelonging>
							<Name>НоменклатураПартнера</Name>
							<Comment/>
							<ExtendedConfigurationObject>439af463-b479-4713-ac11-d94b70c49bf7</ExtendedConfigurationObject>
							<Type>
								<v8:Type>cfg:CatalogRef.НоменклатураКонтрагентов</v8:Type>
							</Type>
						</Properties>
					</Attribute>
					<Attribute uuid="f2507eca-784d-4f64-804f-fd01faa709fb">
						<InternalInfo/>
						<Properties>
							<ObjectBelonging>Adopted</ObjectBelonging>
							<Name>НоменклатураНабора</Name>
							<Comment/>
							<ExtendedConfigurationObject>ef553ab3-c1d2-4e9d-a90f-a45af9be9786</ExtendedConfigurationObject>
							<Type>
								<v8:Type>cfg:CatalogRef.Номенклатура</v8:Type>
							</Type>
						</Properties>
					</Attribute>
					<Attribute uuid="3f972960-76e2-438c-8829-812c6cf3ce50">
						<InternalInfo/>
						<Properties>
							<ObjectBelonging>Adopted</ObjectBelonging>
							<Name>ХарактеристикаНабора</Name>
							<Comment/>
							<ExtendedConfigurationObject>eb466f10-26b2-49d7-ad82-58c7ccd32a23</ExtendedConfigurationObject>
							<Type>
								<v8:Type>cfg:CatalogRef.ХарактеристикиНоменклатуры</v8:Type>
							</Type>
						</Properties>
					</Attribute>
					<Attribute uuid="abe0f40c-e985-4d28-af29-df243563908c">
						<InternalInfo/>
						<Properties>
							<ObjectBelonging>Adopted</ObjectBelonging>
							<Name>Характеристика</Name>
							<Comment/>
							<ExtendedConfigurationObject>ea68fa0a-5188-4f2e-b04a-9834dbc8adaa</ExtendedConfigurationObject>
							<Type>
								<v8:Type>cfg:CatalogRef.ХарактеристикиНоменклатуры</v8:Type>
							</Type>
						</Properties>
					</Attribute>
					<Attribute uuid="cce17348-b499-44f1-a4ff-1b1aba199b3e">
						<InternalInfo/>
						<Properties>
							<ObjectBelonging>Adopted</ObjectBelonging>
							<Name>ВариантОбеспечения</Name>
							<Comment/>
							<ExtendedConfigurationObject>5226ecfa-b7f0-488a-95ed-b0f2cd61995b</ExtendedConfigurationObject>
							<Type>
								<v8:Type>cfg:EnumRef.ВариантыОбеспечения</v8:Type>
							</Type>
						</Properties>
					</Attribute>
					<Attribute uuid="3165c92c-4de7-47ec-8075-f633e978f62d">
						<InternalInfo/>
						<Properties>
							<ObjectBelonging>Adopted</ObjectBelonging>
							<Name>Обособленно</Name>
							<Comment/>
							<ExtendedConfigurationObject>0c8f7e46-92af-46f3-96a8-1829e818eecf</ExtendedConfigurationObject>
							<Type>
								<v8:Type>xs:boolean</v8:Type>
							</Type>
						</Properties>
					</Attribute>
					<Attribute uuid="ba469806-588e-4b50-83cf-b1462472330a">
						<InternalInfo/>
						<Properties>
							<ObjectBelonging>Adopted</ObjectBelonging>
							<Name>Подразделение</Name>
							<Comment/>
							<ExtendedConfigurationObject>6f341ca0-40af-4dab-9ec4-44215078bcce</ExtendedConfigurationObject>
							<Type>
								<v8:Type>cfg:CatalogRef.СтруктураПредприятия</v8:Type>
							</Type>
						</Properties>
					</Attribute>
					<Attribute uuid="fdbfc5f7-ad1c-413d-bdb9-8434b3bbfe07">
						<InternalInfo/>
						<Properties>
							<ObjectBelonging>Adopted</ObjectBelonging>
							<Name>ДатаОтгрузки</Name>
							<Comment/>
							<ExtendedConfigurationObject>8e138baa-2bf3-4a9e-ad92-f5cc8efb2419</ExtendedConfigurationObject>
							<Type>
								<v8:Type>xs:dateTime</v8:Type>
								<v8:DateQualifiers>
									<v8:DateFractions>Date</v8:DateFractions>
								</v8:DateQualifiers>
							</Type>
						</Properties>
					</Attribute>
					<Attribute uuid="8088ce5a-6b17-41c4-9a40-fdf1127c400c">
						<InternalInfo/>
						<Properties>
							<ObjectBelonging>Adopted</ObjectBelonging>
							<Name>Серия</Name>
							<Comment/>
							<ExtendedConfigurationObject>c9795939-b692-409f-8dc0-52a5aca1dcb1</ExtendedConfigurationObject>
							<Type>
								<v8:Type>cfg:CatalogRef.СерииНоменклатуры</v8:Type>
							</Type>
						</Properties>
					</Attribute>
					<Attribute uuid="d36c88fa-82c0-4cc2-933b-fe32b9469249">
						<InternalInfo/>
						<Properties>
							<ObjectBelonging>Adopted</ObjectBelonging>
							<Name>Упаковка</Name>
							<Comment/>
							<ExtendedConfigurationObject>5eb4aad6-5fc3-48f5-be2f-9045d3962e18</ExtendedConfigurationObject>
							<Type>
								<v8:Type>cfg:CatalogRef.УпаковкиЕдиницыИзмерения</v8:Type>
							</Type>
						</Properties>
					</Attribute>
					<Attribute uuid="b9469415-dc51-4a6d-a3fc-1e6da120c15d">
						<InternalInfo/>
						<Properties>
							<ObjectBelonging>Adopted</ObjectBelonging>
							<Name>Цена</Name>
							<Comment/>
							<ExtendedConfigurationObject>08f0de4b-9d83-4a4f-ac8b-79abaeef3771</ExtendedConfigurationObject>
							<Type>
								<v8:TypeSet>cfg:DefinedType.Цена</v8:TypeSet>
							</Type>
						</Properties>
					</Attribute>
					<Attribute uuid="231b0ea8-1adc-4b42-8882-96c4a044e162">
						<InternalInfo/>
						<Properties>
							<ObjectBelonging>Adopted</ObjectBelonging>
							<Name>СуммаАвтоматическойСкидки</Name>
							<Comment/>
							<ExtendedConfigurationObject>4ee7b1a1-d03a-410e-bd5e-a77a57f5c3ef</ExtendedConfigurationObject>
							<Type>
								<v8:TypeSet>cfg:DefinedType.ДенежнаяСуммаЛюбогоЗнака</v8:TypeSet>
							</Type>
						</Properties>
					</Attribute>
					<Attribute uuid="f473e12e-0266-41a9-b391-bef4038ee67d">
						<InternalInfo/>
						<Properties>
							<ObjectBelonging>Adopted</ObjectBelonging>
							<Name>ПроцентРучнойСкидки</Name>
							<Comment/>
							<ExtendedConfigurationObject>1073bd55-a7ac-4f25-b80a-94c9c106572d</ExtendedConfigurationObject>
							<Type>
								<v8:Type>xs:decimal</v8:Type>
								<v8:NumberQualifiers>
									<v8:Digits>5</v8:Digits>
									<v8:FractionDigits>2</v8:FractionDigits>
									<v8:AllowedSign>Any</v8:AllowedSign>
								</v8:NumberQualifiers>
							</Type>
						</Properties>
					</Attribute>
					<Attribute uuid="46438efa-4551-4f68-8fea-908e464914e2">
						<InternalInfo/>
						<Properties>
							<ObjectBelonging>Adopted</ObjectBelonging>
							<Name>СуммаРучнойСкидки</Name>
							<Comment/>
							<ExtendedConfigurationObject>a5a61688-4574-483f-9ddf-f2cfea450a8d</ExtendedConfigurationObject>
							<Type>
								<v8:TypeSet>cfg:DefinedType.ДенежнаяСуммаЛюбогоЗнака</v8:TypeSet>
							</Type>
						</Properties>
					</Attribute>
					<Attribute uuid="9056f22f-7f0e-4702-9581-47b23735c20b">
						<InternalInfo/>
						<Properties>
							<ObjectBelonging>Adopted</ObjectBelonging>
							<Name>СуммаБонусныхБалловКСписаниюВВалюте</Name>
							<Comment/>
							<ExtendedConfigurationObject>db957fee-7231-42ce-8517-d40853f0c536</ExtendedConfigurationObject>
							<Type>
								<v8:TypeSet>cfg:DefinedType.ДенежнаяСуммаНеотрицательная</v8:TypeSet>
							</Type>
						</Properties>
					</Attribute>
					<Attribute uuid="76e22d9a-ea9b-49d7-9c00-801975daead0">
						<InternalInfo/>
						<Properties>
							<ObjectBelonging>Adopted</ObjectBelonging>
							<Name>Сумма</Name>
							<Comment/>
							<ExtendedConfigurationObject>d63279c9-8cd6-4554-b887-089667be2e17</ExtendedConfigurationObject>
							<Type>
								<v8:TypeSet>cfg:DefinedType.ДенежнаяСуммаНеотрицательная</v8:TypeSet>
							</Type>
						</Properties>
					</Attribute>
					<Attribute uuid="b7d28484-8c38-4ab5-87ba-4ec01b234b62">
						<InternalInfo/>
						<Properties>
							<ObjectBelonging>Adopted</ObjectBelonging>
							<Name>СтавкаНДС</Name>
							<Comment/>
							<ExtendedConfigurationObject>8d858c66-da95-4821-bb40-fa943a0ee507</ExtendedConfigurationObject>
							<Type>
								<v8:Type>cfg:CatalogRef.СтавкиНДС</v8:Type>
							</Type>
						</Properties>
					</Attribute>
					<Attribute uuid="f1b31fda-dbf8-4403-936a-91de07219cea">
						<InternalInfo/>
						<Properties>
							<ObjectBelonging>Adopted</ObjectBelonging>
							<Name>СуммаНДС</Name>
							<Comment/>
							<ExtendedConfigurationObject>783d4bd3-4cbe-4dea-8aca-c1cf630dd371</ExtendedConfigurationObject>
							<Type>
								<v8:TypeSet>cfg:DefinedType.ДенежнаяСуммаНеотрицательная</v8:TypeSet>
							</Type>
						</Properties>
					</Attribute>
					<Attribute uuid="71aa88c2-caa7-4542-b2fa-2e36014ad4ba">
						<InternalInfo/>
						<Properties>
							<ObjectBelonging>Adopted</ObjectBelonging>
							<Name>СуммаСНДС</Name>
							<Comment/>
							<ExtendedConfigurationObject>56ee214a-9ba3-4066-89e9-3b53a7af29bc</ExtendedConfigurationObject>
							<Type>
								<v8:TypeSet>cfg:DefinedType.ДенежнаяСуммаНеотрицательная</v8:TypeSet>
							</Type>
						</Properties>
					</Attribute>
					<Attribute uuid="95dc00e3-f9e0-4489-bd92-bdc3ab15b5a9">
						<InternalInfo/>
						<Properties>
							<ObjectBelonging>Adopted</ObjectBelonging>
							<Name>ПричинаОтмены</Name>
							<Comment/>
							<ExtendedConfigurationObject>a0952e09-6f01-42b1-a300-c940c3316f7f</ExtendedConfigurationObject>
							<Type>
								<v8:Type>cfg:CatalogRef.ПричиныОтменыЗаказовКлиентов</v8:Type>
							</Type>
						</Properties>
					</Attribute>
					<Attribute uuid="97e2606c-a89c-4492-9d4c-e9f6314b720c">
						<InternalInfo/>
						<Properties>
							<ObjectBelonging>Adopted</ObjectBelonging>
							<Name>СрокПоставки</Name>
							<Comment/>
							<ExtendedConfigurationObject>0883a58c-2cb3-470f-9ab2-dcd4c1f54b3d</ExtendedConfigurationObject>
							<Type>
								<v8:Type>xs:decimal</v8:Type>
								<v8:NumberQualifiers>
									<v8:Digits>10</v8:Digits>
									<v8:FractionDigits>0</v8:FractionDigits>
									<v8:AllowedSign>Nonnegative</v8:AllowedSign>
								</v8:NumberQualifiers>
							</Type>
						</Properties>
					</Attribute>
					<Attribute uuid="2329cc8b-7c6a-482e-b690-c64efba68f2d">
						<InternalInfo/>
						<Properties>
							<ObjectBelonging>Adopted</ObjectBelonging>
							<Name>СуммаНачисленныхБонусныхБалловВВалюте</Name>
							<Comment/>
							<ExtendedConfigurationObject>8b0adfd2-6e3a-465e-902e-ea9e8f185205</ExtendedConfigurationObject>
							<Type>
								<v8:TypeSet>cfg:DefinedType.ДенежнаяСуммаНеотрицательная</v8:TypeSet>
							</Type>
						</Properties>
					</Attribute>
					<Attribute uuid="c7f9bbf0-eaf9-4a30-89bb-72a1d1beb901">
						<InternalInfo/>
						<Properties>
							<ObjectBelonging>Adopted</ObjectBelonging>
							<Name>Количество</Name>
							<Comment/>
							<ExtendedConfigurationObject>89c8c32c-ef8a-46f1-a7b4-75b2e1524d3f</ExtendedConfigurationObject>
							<Type>
								<v8:Type>xs:decimal</v8:Type>
								<v8:NumberQualifiers>
									<v8:Digits>15</v8:Digits>
									<v8:FractionDigits>3</v8:FractionDigits>
									<v8:AllowedSign>Nonnegative</v8:AllowedSign>
								</v8:NumberQualifiers>
							</Type>
						</Properties>
					</Attribute>
				</ChildObjects>
			</TabularSection>
			<TabularSection uuid="71d7f2ef-58e9-48f1-8a93-008291ff55cc">
				<InternalInfo>
					<xr:GeneratedType name="DocumentTabularSection.ЗаказКлиента.ЭтапыГрафикаОплаты" category="TabularSection">
						<xr:TypeId>03c82179-8926-480a-958b-47f259f4ff61</xr:TypeId>
						<xr:ValueId>dfb0dbc1-3143-49a9-8a7d-c6e3465935f4</xr:ValueId>
					</xr:GeneratedType>
					<xr:GeneratedType name="DocumentTabularSectionRow.ЗаказКлиента.ЭтапыГрафикаОплаты" category="TabularSectionRow">
						<xr:TypeId>a072f84e-7b59-4414-bd56-cb32bfdb4ca4</xr:TypeId>
						<xr:ValueId>debb1dc8-61af-4298-a2fc-e72645ba6e9b</xr:ValueId>
					</xr:GeneratedType>
				</InternalInfo>
				<Properties>
					<ObjectBelonging>Adopted</ObjectBelonging>
					<Name>ЭтапыГрафикаОплаты</Name>
					<Comment/>
					<ExtendedConfigurationObject>9f879343-e818-451b-aa4c-fd188e373135</ExtendedConfigurationObject>
				</Properties>
				<ChildObjects/>
			</TabularSection>
		</ChildObjects>
	</Document>
</MetaDataObject>