﻿<?xml version="1.0" encoding="UTF-8"?>
<MetaDataObject xmlns="http://v8.1c.ru/8.3/MDClasses" xmlns:app="http://v8.1c.ru/8.2/managed-application/core" xmlns:cfg="http://v8.1c.ru/8.1/data/enterprise/current-config" xmlns:cmi="http://v8.1c.ru/8.2/managed-application/cmi" xmlns:ent="http://v8.1c.ru/8.1/data/enterprise" xmlns:lf="http://v8.1c.ru/8.2/managed-application/logform" xmlns:style="http://v8.1c.ru/8.1/data/ui/style" xmlns:sys="http://v8.1c.ru/8.1/data/ui/fonts/system" xmlns:v8="http://v8.1c.ru/8.1/data/core" xmlns:v8ui="http://v8.1c.ru/8.1/data/ui" xmlns:web="http://v8.1c.ru/8.1/data/ui/colors/web" xmlns:win="http://v8.1c.ru/8.1/data/ui/colors/windows" xmlns:xen="http://v8.1c.ru/8.3/xcf/enums" xmlns:xpr="http://v8.1c.ru/8.3/xcf/predef" xmlns:xr="http://v8.1c.ru/8.3/xcf/readable" xmlns:xs="http://www.w3.org/2001/XMLSchema" xmlns:xsi="http://www.w3.org/2001/XMLSchema-instance" version="2.18">
	<Document uuid="0e8039d7-f480-42f5-9262-0c11027ed9fe">
		<InternalInfo>
			<xr:GeneratedType name="DocumentObject.КоммерческоеПредложениеКлиенту" category="Object">
				<xr:TypeId>025872f9-acba-44e5-a908-2a495ae76a6d</xr:TypeId>
				<xr:ValueId>dd3796f9-0dfb-4da0-9465-25ea48ef7a8d</xr:ValueId>
			</xr:GeneratedType>
			<xr:GeneratedType name="DocumentRef.КоммерческоеПредложениеКлиенту" category="Ref">
				<xr:TypeId>75301a02-c8d7-4d4f-a18d-aabe7fc83ab6</xr:TypeId>
				<xr:ValueId>6ae79eff-bd91-4769-a458-a9aee5d0de25</xr:ValueId>
			</xr:GeneratedType>
			<xr:GeneratedType name="DocumentSelection.КоммерческоеПредложениеКлиенту" category="Selection">
				<xr:TypeId>cb5949d6-c4be-4b42-81e7-8b377d67a50f</xr:TypeId>
				<xr:ValueId>b343719e-12cf-4333-8f23-a37ff77c7b65</xr:ValueId>
			</xr:GeneratedType>
			<xr:GeneratedType name="DocumentList.КоммерческоеПредложениеКлиенту" category="List">
				<xr:TypeId>0387218d-36f8-4bb0-b630-17ade1baf0a0</xr:TypeId>
				<xr:ValueId>cd1fcec3-02f5-47e2-a66e-743c709ecee6</xr:ValueId>
			</xr:GeneratedType>
			<xr:GeneratedType name="DocumentManager.КоммерческоеПредложениеКлиенту" category="Manager">
				<xr:TypeId>84456726-7837-4ec1-95a8-c3d7961e0981</xr:TypeId>
				<xr:ValueId>afd4b13b-8dff-4898-be0b-7ca257373f0e</xr:ValueId>
			</xr:GeneratedType>
		</InternalInfo>
		<Properties>
			<ObjectBelonging>Adopted</ObjectBelonging>
			<Name>КоммерческоеПредложениеКлиенту</Name>
			<Comment/>
			<ExtendedConfigurationObject>1b8b67c9-d102-4098-9ab2-841322b60f6e</ExtendedConfigurationObject>
			<RegisterRecords/>
		</Properties>
		<ChildObjects/>
	</Document>
</MetaDataObject>