﻿<?xml version="1.0" encoding="UTF-8"?>
<MetaDataObject xmlns="http://v8.1c.ru/8.3/MDClasses" xmlns:app="http://v8.1c.ru/8.2/managed-application/core" xmlns:cfg="http://v8.1c.ru/8.1/data/enterprise/current-config" xmlns:cmi="http://v8.1c.ru/8.2/managed-application/cmi" xmlns:ent="http://v8.1c.ru/8.1/data/enterprise" xmlns:lf="http://v8.1c.ru/8.2/managed-application/logform" xmlns:style="http://v8.1c.ru/8.1/data/ui/style" xmlns:sys="http://v8.1c.ru/8.1/data/ui/fonts/system" xmlns:v8="http://v8.1c.ru/8.1/data/core" xmlns:v8ui="http://v8.1c.ru/8.1/data/ui" xmlns:web="http://v8.1c.ru/8.1/data/ui/colors/web" xmlns:win="http://v8.1c.ru/8.1/data/ui/colors/windows" xmlns:xen="http://v8.1c.ru/8.3/xcf/enums" xmlns:xpr="http://v8.1c.ru/8.3/xcf/predef" xmlns:xr="http://v8.1c.ru/8.3/xcf/readable" xmlns:xs="http://www.w3.org/2001/XMLSchema" xmlns:xsi="http://www.w3.org/2001/XMLSchema-instance" version="2.18">
	<Document uuid="8476f8b3-792e-4746-a08b-2e69d3509828">
		<InternalInfo>
			<xr:GeneratedType name="DocumentObject.РасходныйОрдерНаТовары" category="Object">
				<xr:TypeId>638c96e0-2653-44ab-9512-6a0091eb99ce</xr:TypeId>
				<xr:ValueId>1f20e7b8-8a35-43f6-82c2-6e9c1d546dff</xr:ValueId>
			</xr:GeneratedType>
			<xr:GeneratedType name="DocumentRef.РасходныйОрдерНаТовары" category="Ref">
				<xr:TypeId>6a4beede-a6be-466f-8a93-17e1db7ce2b2</xr:TypeId>
				<xr:ValueId>2b220353-c411-49b8-b349-cfe311e0b7bf</xr:ValueId>
			</xr:GeneratedType>
			<xr:GeneratedType name="DocumentSelection.РасходныйОрдерНаТовары" category="Selection">
				<xr:TypeId>a5c58cdb-6550-4db0-bace-18ba0dfef299</xr:TypeId>
				<xr:ValueId>ecce82c2-1677-4fe4-82ee-cda5986f113e</xr:ValueId>
			</xr:GeneratedType>
			<xr:GeneratedType name="DocumentList.РасходныйОрдерНаТовары" category="List">
				<xr:TypeId>a472a788-7b0a-4bc4-acb2-1f114f29abbb</xr:TypeId>
				<xr:ValueId>c18e3ba3-1bc5-4d9b-b7a2-f5658aa178f5</xr:ValueId>
			</xr:GeneratedType>
			<xr:GeneratedType name="DocumentManager.РасходныйОрдерНаТовары" category="Manager">
				<xr:TypeId>49eeffce-a5b0-4b43-9185-3aadf3eb54de</xr:TypeId>
				<xr:ValueId>b7b9e892-22c8-4d84-9e72-03ad5b5f1902</xr:ValueId>
			</xr:GeneratedType>
		</InternalInfo>
		<Properties>
			<ObjectBelonging>Adopted</ObjectBelonging>
			<Name>РасходныйОрдерНаТовары</Name>
			<Comment/>
			<ExtendedConfigurationObject>e5b57481-c7d7-459c-8f38-003976928dcf</ExtendedConfigurationObject>
			<RegisterRecords/>
		</Properties>
		<ChildObjects/>
	</Document>
</MetaDataObject>