﻿<?xml version="1.0" encoding="UTF-8"?>
<MetaDataObject xmlns="http://v8.1c.ru/8.3/MDClasses" xmlns:app="http://v8.1c.ru/8.2/managed-application/core" xmlns:cfg="http://v8.1c.ru/8.1/data/enterprise/current-config" xmlns:cmi="http://v8.1c.ru/8.2/managed-application/cmi" xmlns:ent="http://v8.1c.ru/8.1/data/enterprise" xmlns:lf="http://v8.1c.ru/8.2/managed-application/logform" xmlns:style="http://v8.1c.ru/8.1/data/ui/style" xmlns:sys="http://v8.1c.ru/8.1/data/ui/fonts/system" xmlns:v8="http://v8.1c.ru/8.1/data/core" xmlns:v8ui="http://v8.1c.ru/8.1/data/ui" xmlns:web="http://v8.1c.ru/8.1/data/ui/colors/web" xmlns:win="http://v8.1c.ru/8.1/data/ui/colors/windows" xmlns:xen="http://v8.1c.ru/8.3/xcf/enums" xmlns:xpr="http://v8.1c.ru/8.3/xcf/predef" xmlns:xr="http://v8.1c.ru/8.3/xcf/readable" xmlns:xs="http://www.w3.org/2001/XMLSchema" xmlns:xsi="http://www.w3.org/2001/XMLSchema-instance" version="2.20">
	<ChartOfCharacteristicTypes uuid="bfc30803-b673-46cd-93e6-44fb83c5a52a">
		<InternalInfo>
			<xr:GeneratedType name="ChartOfCharacteristicTypesObject.СтатьиРасходов" category="Object">
				<xr:TypeId>bdc4177a-61af-4a1e-bcae-3866767767a3</xr:TypeId>
				<xr:ValueId>553d95eb-8e57-4ddb-ab12-be6448defb4f</xr:ValueId>
			</xr:GeneratedType>
			<xr:GeneratedType name="ChartOfCharacteristicTypesRef.СтатьиРасходов" category="Ref">
				<xr:TypeId>09498b7e-be1f-465f-8206-eb005f509bee</xr:TypeId>
				<xr:ValueId>3bc09a70-2697-415c-8ee3-873e146859b2</xr:ValueId>
			</xr:GeneratedType>
			<xr:GeneratedType name="ChartOfCharacteristicTypesSelection.СтатьиРасходов" category="Selection">
				<xr:TypeId>3ca31797-e940-4ae3-bafe-f7326ae65776</xr:TypeId>
				<xr:ValueId>915173ce-4e92-4ac8-b5cf-242a516f0a79</xr:ValueId>
			</xr:GeneratedType>
			<xr:GeneratedType name="ChartOfCharacteristicTypesList.СтатьиРасходов" category="List">
				<xr:TypeId>335dc101-9292-4499-bee3-e32d482081ef</xr:TypeId>
				<xr:ValueId>925cadbb-4d2a-425f-8c28-816517174ad4</xr:ValueId>
			</xr:GeneratedType>
			<xr:GeneratedType name="Characteristic.СтатьиРасходов" category="Characteristic">
				<xr:TypeId>f3e80a55-1a11-4bab-b1af-82fa4943bf03</xr:TypeId>
				<xr:ValueId>eedaeb17-1842-4851-8e60-f1c297d63c62</xr:ValueId>
			</xr:GeneratedType>
			<xr:GeneratedType name="ChartOfCharacteristicTypesManager.СтатьиРасходов" category="Manager">
				<xr:TypeId>36ca2655-b7d0-44d1-9144-36335d157b50</xr:TypeId>
				<xr:ValueId>650d98a3-e24e-4419-9a06-11b09c7e2e1b</xr:ValueId>
			</xr:GeneratedType>
		</InternalInfo>
		<Properties>
			<ObjectBelonging>Adopted</ObjectBelonging>
			<Name>СтатьиРасходов</Name>
			<Comment/>
			<ExtendedConfigurationObject>21895752-24ac-4d5e-a4e1-d350a6d1d68d</ExtendedConfigurationObject>
		</Properties>
		<ChildObjects/>
	</ChartOfCharacteristicTypes>
</MetaDataObject>