﻿<?xml version="1.0" encoding="UTF-8"?>
<MetaDataObject xmlns="http://v8.1c.ru/8.3/MDClasses" xmlns:app="http://v8.1c.ru/8.2/managed-application/core" xmlns:cfg="http://v8.1c.ru/8.1/data/enterprise/current-config" xmlns:cmi="http://v8.1c.ru/8.2/managed-application/cmi" xmlns:ent="http://v8.1c.ru/8.1/data/enterprise" xmlns:lf="http://v8.1c.ru/8.2/managed-application/logform" xmlns:style="http://v8.1c.ru/8.1/data/ui/style" xmlns:sys="http://v8.1c.ru/8.1/data/ui/fonts/system" xmlns:v8="http://v8.1c.ru/8.1/data/core" xmlns:v8ui="http://v8.1c.ru/8.1/data/ui" xmlns:web="http://v8.1c.ru/8.1/data/ui/colors/web" xmlns:win="http://v8.1c.ru/8.1/data/ui/colors/windows" xmlns:xen="http://v8.1c.ru/8.3/xcf/enums" xmlns:xpr="http://v8.1c.ru/8.3/xcf/predef" xmlns:xr="http://v8.1c.ru/8.3/xcf/readable" xmlns:xs="http://www.w3.org/2001/XMLSchema" xmlns:xsi="http://www.w3.org/2001/XMLSchema-instance" version="2.18">
	<Catalog uuid="1d68e0ca-a1d3-454d-a9bc-dba4421dc7db">
		<InternalInfo>
			<xr:GeneratedType name="CatalogObject.БанковскиеСчетаОрганизаций" category="Object">
				<xr:TypeId>f42e2a24-8595-49fe-84a7-5c55980a2b82</xr:TypeId>
				<xr:ValueId>98b87614-fd24-4e4b-b10b-9b53041e494d</xr:ValueId>
			</xr:GeneratedType>
			<xr:GeneratedType name="CatalogRef.БанковскиеСчетаОрганизаций" category="Ref">
				<xr:TypeId>a6d69616-9ef1-40a8-995b-e0290a16567c</xr:TypeId>
				<xr:ValueId>3f4552df-e5b1-4277-b089-cdd4fc0b1765</xr:ValueId>
			</xr:GeneratedType>
			<xr:GeneratedType name="CatalogSelection.БанковскиеСчетаОрганизаций" category="Selection">
				<xr:TypeId>aa36a8c3-52c2-402b-a016-cb9461d9d767</xr:TypeId>
				<xr:ValueId>d0b0ed3d-bc71-4087-becc-8c77befdfbff</xr:ValueId>
			</xr:GeneratedType>
			<xr:GeneratedType name="CatalogList.БанковскиеСчетаОрганизаций" category="List">
				<xr:TypeId>18ca9b59-3a5e-42d0-850c-f8dcc8fa9fe0</xr:TypeId>
				<xr:ValueId>03657136-085b-4ac7-9c79-08eead0b4c53</xr:ValueId>
			</xr:GeneratedType>
			<xr:GeneratedType name="CatalogManager.БанковскиеСчетаОрганизаций" category="Manager">
				<xr:TypeId>ddafcc2a-468b-4fc3-b88d-66895a371a21</xr:TypeId>
				<xr:ValueId>6f6aa68e-180e-4a77-a559-f488807ae840</xr:ValueId>
			</xr:GeneratedType>
		</InternalInfo>
		<Properties>
			<ObjectBelonging>Adopted</ObjectBelonging>
			<Name>БанковскиеСчетаОрганизаций</Name>
			<Comment/>
			<ExtendedConfigurationObject>3ae14a42-8682-40cf-934f-6f3d533900c2</ExtendedConfigurationObject>
			<Hierarchical>true</Hierarchical>
			<HierarchyType>HierarchyFoldersAndItems</HierarchyType>
			<Owners>
				<xr:Item xsi:type="xr:MDObjectRef">Catalog.Организации</xr:Item>
			</Owners>
			<DescriptionLength>150</DescriptionLength>
		</Properties>
		<ChildObjects>
			<Attribute uuid="c6e6dc71-e9bd-497d-939a-26a7e06f4acb">
				<InternalInfo/>
				<Properties>
					<ObjectBelonging>Adopted</ObjectBelonging>
					<Name>ОсновнойБанковскийСчет</Name>
					<Comment/>
					<ExtendedConfigurationObject>5ecaa572-e8c6-41f4-82a5-d0db46a445a8</ExtendedConfigurationObject>
					<Type>
						<v8:Type>cfg:CatalogRef.БанковскиеСчетаОрганизаций</v8:Type>
					</Type>
				</Properties>
			</Attribute>
			<Attribute uuid="a8f01013-c884-4bac-8642-b304851055bc">
				<InternalInfo/>
				<Properties>
					<ObjectBelonging>Adopted</ObjectBelonging>
					<Name>Закрыт</Name>
					<Comment/>
					<ExtendedConfigurationObject>8e18ea73-6108-4a4b-b598-20468a528cbb</ExtendedConfigurationObject>
					<Type>
						<v8:Type>xs:boolean</v8:Type>
					</Type>
				</Properties>
			</Attribute>
			<Attribute uuid="e576c46a-dfe0-437c-82ff-3287756f3017">
				<InternalInfo/>
				<Properties>
					<ObjectBelonging>Adopted</ObjectBelonging>
					<Name>ВалютаДенежныхСредств</Name>
					<Comment/>
					<ExtendedConfigurationObject>779c2ccc-8339-4a87-b8d3-19e79968205a</ExtendedConfigurationObject>
					<Type>
						<v8:Type>cfg:CatalogRef.Валюты</v8:Type>
					</Type>
				</Properties>
			</Attribute>
			<Attribute uuid="e77bbdd8-7aef-4d7f-9b2f-56aa47ba9cde">
				<Properties>
					<Name>ITS_Основной</Name>
					<Synonym>
						<v8:item>
							<v8:lang>ru</v8:lang>
							<v8:content>Основной</v8:content>
						</v8:item>
					</Synonym>
					<Comment/>
					<Type>
						<v8:Type>xs:boolean</v8:Type>
					</Type>
					<PasswordMode>false</PasswordMode>
					<Format/>
					<EditFormat/>
					<ToolTip/>
					<MarkNegatives>false</MarkNegatives>
					<Mask/>
					<MultiLine>false</MultiLine>
					<ExtendedEdit>false</ExtendedEdit>
					<MinValue xsi:nil="true"/>
					<MaxValue xsi:nil="true"/>
					<FillFromFillingValue>false</FillFromFillingValue>
					<FillValue xsi:nil="true"/>
					<FillChecking>DontCheck</FillChecking>
					<ChoiceFoldersAndItems>Items</ChoiceFoldersAndItems>
					<ChoiceParameterLinks/>
					<ChoiceParameters/>
					<QuickChoice>Auto</QuickChoice>
					<CreateOnInput>Auto</CreateOnInput>
					<ChoiceForm/>
					<LinkByType/>
					<ChoiceHistoryOnInput>Auto</ChoiceHistoryOnInput>
					<Use>ForItem</Use>
					<Indexing>DontIndex</Indexing>
					<FullTextSearch>Use</FullTextSearch>
					<DataHistory>Use</DataHistory>
				</Properties>
			</Attribute>
			<Attribute uuid="c4f5c3bc-a822-4c61-ae74-cd3bbbb2339e">
				<InternalInfo/>
				<Properties>
					<ObjectBelonging>Adopted</ObjectBelonging>
					<Name>РазделЛицевогоСчета</Name>
					<Comment/>
					<ExtendedConfigurationObject>f5f5b288-1cc7-4bae-91bd-48b585786fc3</ExtendedConfigurationObject>
					<Type>
						<v8:Type>xs:string</v8:Type>
						<v8:StringQualifiers>
							<v8:Length>8</v8:Length>
							<v8:AllowedLength>Variable</v8:AllowedLength>
						</v8:StringQualifiers>
					</Type>
				</Properties>
			</Attribute>
			<Attribute uuid="ab4ac82e-fc29-4cec-84ee-736cfbeeb21c">
				<InternalInfo/>
				<Properties>
					<ObjectBelonging>Adopted</ObjectBelonging>
					<Name>ФайлВыгрузки</Name>
					<Comment/>
					<ExtendedConfigurationObject>2770a3cc-c101-4c07-8767-0c341e456586</ExtendedConfigurationObject>
					<Type>
						<v8:Type>xs:string</v8:Type>
						<v8:StringQualifiers>
							<v8:Length>255</v8:Length>
							<v8:AllowedLength>Variable</v8:AllowedLength>
						</v8:StringQualifiers>
					</Type>
				</Properties>
			</Attribute>
			<Attribute uuid="9d30b56c-2538-431d-833e-288b9e728143">
				<InternalInfo/>
				<Properties>
					<ObjectBelonging>Adopted</ObjectBelonging>
					<Name>ГруппаФинансовогоУчета</Name>
					<Comment/>
					<ExtendedConfigurationObject>4ee12d8c-c72e-424c-9615-0694668b57c5</ExtendedConfigurationObject>
					<Type>
						<v8:Type>cfg:CatalogRef.ГруппыФинансовогоУчетаДенежныхСредств</v8:Type>
					</Type>
				</Properties>
			</Attribute>
			<Attribute uuid="ad4ea131-7a3d-46d2-879d-a943259c007b">
				<InternalInfo/>
				<Properties>
					<ObjectBelonging>Adopted</ObjectBelonging>
					<Name>ОбменСБанкомВключен</Name>
					<Comment/>
					<ExtendedConfigurationObject>a1f687ac-281d-44b0-a05c-998d9209a79d</ExtendedConfigurationObject>
					<Type>
						<v8:Type>xs:boolean</v8:Type>
					</Type>
				</Properties>
			</Attribute>
			<Attribute uuid="08b280fd-0ad6-49f6-8cf9-3b7fbbe6c14a">
				<InternalInfo/>
				<Properties>
					<ObjectBelonging>Adopted</ObjectBelonging>
					<Name>Кодировка</Name>
					<Comment/>
					<ExtendedConfigurationObject>9bc237e4-a584-4952-80c1-f5a32a29aaa7</ExtendedConfigurationObject>
					<Type>
						<v8:Type>xs:string</v8:Type>
						<v8:StringQualifiers>
							<v8:Length>10</v8:Length>
							<v8:AllowedLength>Variable</v8:AllowedLength>
						</v8:StringQualifiers>
					</Type>
				</Properties>
			</Attribute>
			<Attribute uuid="a005e44d-c614-4e39-bffb-e96bf46373d2">
				<InternalInfo/>
				<Properties>
					<ObjectBelonging>Adopted</ObjectBelonging>
					<Name>ТипСчета</Name>
					<Comment/>
					<ExtendedConfigurationObject>01041a33-be7f-4197-88ca-77f14d4e3e77</ExtendedConfigurationObject>
					<Type>
						<v8:Type>cfg:EnumRef.ТипыБанковскихСчетов</v8:Type>
					</Type>
				</Properties>
			</Attribute>
			<Attribute uuid="ef3eab99-a3cc-47e9-8fa2-1d293ded920a">
				<InternalInfo/>
				<Properties>
					<ObjectBelonging>Adopted</ObjectBelonging>
					<Name>ЭтоIBAN</Name>
					<Comment/>
					<ExtendedConfigurationObject>e38af342-d90f-477a-a337-90c6c82bddf3</ExtendedConfigurationObject>
					<Type>
						<v8:Type>xs:boolean</v8:Type>
					</Type>
				</Properties>
			</Attribute>
			<Attribute uuid="30bcde29-87fd-4e32-8a70-040fb3790458">
				<InternalInfo/>
				<Properties>
					<ObjectBelonging>Adopted</ObjectBelonging>
					<Name>ОтдельныйСчетГОЗ</Name>
					<Comment/>
					<ExtendedConfigurationObject>82ee6ac6-bee0-43fd-a5cb-cd2e84fcca3b</ExtendedConfigurationObject>
					<Type>
						<v8:Type>xs:boolean</v8:Type>
					</Type>
				</Properties>
			</Attribute>
			<Attribute uuid="b106c4da-073a-4a1d-afdc-568f9bbd7b3c">
				<InternalInfo/>
				<Properties>
					<ObjectBelonging>Adopted</ObjectBelonging>
					<Name>БанкДляРасчетов</Name>
					<Comment/>
					<ExtendedConfigurationObject>ff6c7351-9571-4f62-b525-106f9d649c9a</ExtendedConfigurationObject>
					<Type>
						<v8:Type>cfg:CatalogRef.КлассификаторБанков</v8:Type>
					</Type>
				</Properties>
			</Attribute>
			<Attribute uuid="067a761b-7e42-4a5a-8146-452d0c72b84c">
				<InternalInfo/>
				<Properties>
					<ObjectBelonging>Adopted</ObjectBelonging>
					<Name>Банк</Name>
					<Comment/>
					<ExtendedConfigurationObject>dfe34051-239d-4487-9094-f4621e4b1a0c</ExtendedConfigurationObject>
					<Type>
						<v8:Type>cfg:CatalogRef.КлассификаторБанков</v8:Type>
					</Type>
				</Properties>
			</Attribute>
			<Attribute uuid="ed2c343e-fc47-4e98-b217-6eb54e11e34d">
				<InternalInfo/>
				<Properties>
					<ObjectBelonging>Adopted</ObjectBelonging>
					<Name>СчетВБанкеДляРасчетов</Name>
					<Comment/>
					<ExtendedConfigurationObject>575f081a-d540-41d2-af17-2d6658a5b68b</ExtendedConfigurationObject>
					<Type>
						<v8:Type>xs:string</v8:Type>
						<v8:StringQualifiers>
							<v8:Length>34</v8:Length>
							<v8:AllowedLength>Variable</v8:AllowedLength>
						</v8:StringQualifiers>
					</Type>
				</Properties>
			</Attribute>
			<Attribute uuid="90d9d808-044f-410d-bbd7-760f49a16516">
				<InternalInfo/>
				<Properties>
					<ObjectBelonging>Adopted</ObjectBelonging>
					<Name>ФорматОбмена</Name>
					<Comment/>
					<ExtendedConfigurationObject>2fc72a52-70ea-4a6a-a72c-0637a205de2d</ExtendedConfigurationObject>
					<Type>
						<v8:Type>cfg:EnumRef.ФорматОбменаСБанком</v8:Type>
					</Type>
				</Properties>
			</Attribute>
			<Attribute uuid="965a6645-415d-49c3-b5e8-efc7a307ba58">
				<InternalInfo/>
				<Properties>
					<ObjectBelonging>Adopted</ObjectBelonging>
					<Name>ВариантВыводаМесяца</Name>
					<Comment/>
					<ExtendedConfigurationObject>250ac7d2-eb1a-4fbe-907e-126a30402fa1</ExtendedConfigurationObject>
					<Type>
						<v8:Type>cfg:EnumRef.ВариантыВыводаМесяцаВДатеДокумента</v8:Type>
					</Type>
				</Properties>
			</Attribute>
			<Attribute uuid="faf0c181-ccc2-4880-a444-e93666935b48">
				<InternalInfo/>
				<Properties>
					<ObjectBelonging>Adopted</ObjectBelonging>
					<Name>ИспользоватьКаталогЗагрузки</Name>
					<Comment/>
					<ExtendedConfigurationObject>2a062a14-7654-43d0-a668-6238efd7f1b2</ExtendedConfigurationObject>
					<Type>
						<v8:Type>xs:boolean</v8:Type>
					</Type>
				</Properties>
			</Attribute>
			<Attribute uuid="3eb07a9c-1de7-4fe4-98d5-ba7c8c8a23f6">
				<InternalInfo/>
				<Properties>
					<ObjectBelonging>Adopted</ObjectBelonging>
					<Name>СчетПоГосконтракту</Name>
					<Comment/>
					<ExtendedConfigurationObject>9dcc4c7d-ef98-498a-8035-69af8f6b0475</ExtendedConfigurationObject>
					<Type>
						<v8:Type>xs:boolean</v8:Type>
					</Type>
				</Properties>
			</Attribute>
			<Attribute uuid="e7bc79df-78d5-4d0b-aff2-6cbefa203ad3">
				<InternalInfo/>
				<Properties>
					<ObjectBelonging>Adopted</ObjectBelonging>
					<Name>НомерЛицевогоСчета</Name>
					<Comment/>
					<ExtendedConfigurationObject>1ac36d4a-e70a-45df-b9d4-b960a2ebaba3</ExtendedConfigurationObject>
					<Type>
						<v8:Type>xs:string</v8:Type>
						<v8:StringQualifiers>
							<v8:Length>11</v8:Length>
							<v8:AllowedLength>Variable</v8:AllowedLength>
						</v8:StringQualifiers>
					</Type>
				</Properties>
			</Attribute>
			<Attribute uuid="6f037051-9e22-49b4-a5ed-a962caf3ad7d">
				<InternalInfo/>
				<Properties>
					<ObjectBelonging>Adopted</ObjectBelonging>
					<Name>ГосударственныйКонтракт</Name>
					<Comment/>
					<ExtendedConfigurationObject>0839592d-ff33-4519-9179-42d4fa1f900a</ExtendedConfigurationObject>
					<Type>
						<v8:Type>cfg:CatalogRef.ГосударственныеКонтракты</v8:Type>
					</Type>
				</Properties>
			</Attribute>
			<Attribute uuid="204013d6-fc98-4157-957a-7f68d3f5c42a">
				<InternalInfo/>
				<Properties>
					<ObjectBelonging>Adopted</ObjectBelonging>
					<Name>НаправлениеДеятельности</Name>
					<Comment/>
					<ExtendedConfigurationObject>99bef96d-0f9f-42dd-beb7-f84ed1b7d5c2</ExtendedConfigurationObject>
					<Type>
						<v8:Type>cfg:CatalogRef.НаправленияДеятельности</v8:Type>
					</Type>
				</Properties>
			</Attribute>
			<Attribute uuid="39884e01-28fe-49a0-8b1b-da4026949355">
				<InternalInfo/>
				<Properties>
					<ObjectBelonging>Adopted</ObjectBelonging>
					<Name>РазрешитьПлатежиБезУказанияЗаявок</Name>
					<Comment/>
					<ExtendedConfigurationObject>f6f426a6-f2a0-48c7-b275-b5064b350d39</ExtendedConfigurationObject>
					<Type>
						<v8:Type>xs:boolean</v8:Type>
					</Type>
				</Properties>
			</Attribute>
			<Attribute uuid="5038ce92-2c01-45d4-ad57-52450ed7a4d4">
				<InternalInfo/>
				<Properties>
					<ObjectBelonging>Adopted</ObjectBelonging>
					<Name>Подразделение</Name>
					<Comment/>
					<ExtendedConfigurationObject>dda41bbe-1b34-4880-975d-752b90fb946b</ExtendedConfigurationObject>
					<Type>
						<v8:Type>cfg:CatalogRef.СтруктураПредприятия</v8:Type>
					</Type>
				</Properties>
			</Attribute>
			<Attribute uuid="a1cff96b-8634-408f-b34d-9fe9562246af">
				<InternalInfo/>
				<Properties>
					<ObjectBelonging>Adopted</ObjectBelonging>
					<Name>СрокИсполненияПлатежа</Name>
					<Comment/>
					<ExtendedConfigurationObject>2ed0aefe-823f-4db0-9aaa-76cd52c3ca97</ExtendedConfigurationObject>
					<Type>
						<v8:Type>xs:decimal</v8:Type>
						<v8:NumberQualifiers>
							<v8:Digits>3</v8:Digits>
							<v8:FractionDigits>0</v8:FractionDigits>
							<v8:AllowedSign>Nonnegative</v8:AllowedSign>
						</v8:NumberQualifiers>
					</Type>
				</Properties>
			</Attribute>
			<Attribute uuid="b88c7845-bc3c-49cf-a37a-81b49be1b604">
				<InternalInfo/>
				<Properties>
					<ObjectBelonging>Adopted</ObjectBelonging>
					<Name>ВыводитьСуммуБезКопеек</Name>
					<Comment/>
					<ExtendedConfigurationObject>6ae635dc-85ed-4132-bd1d-bb20490c0968</ExtendedConfigurationObject>
					<Type>
						<v8:Type>xs:boolean</v8:Type>
					</Type>
				</Properties>
			</Attribute>
			<Attribute uuid="c304a842-90d9-4c9d-bf89-66f27b88ac86">
				<InternalInfo/>
				<Properties>
					<ObjectBelonging>Adopted</ObjectBelonging>
					<Name>ИспользоватьКаталогВыгрузки</Name>
					<Comment/>
					<ExtendedConfigurationObject>d960835d-7c4e-4504-bf9f-3d17bcc1f603</ExtendedConfigurationObject>
					<Type>
						<v8:Type>xs:boolean</v8:Type>
					</Type>
				</Properties>
			</Attribute>
			<Attribute uuid="336e4c05-7b1e-4181-b5e6-e99722eff345">
				<InternalInfo/>
				<Properties>
					<ObjectBelonging>Adopted</ObjectBelonging>
					<Name>ФайлЗагрузки</Name>
					<Comment/>
					<ExtendedConfigurationObject>653ab4a8-654c-4354-b21f-61392f557924</ExtendedConfigurationObject>
					<Type>
						<v8:Type>xs:string</v8:Type>
						<v8:StringQualifiers>
							<v8:Length>255</v8:Length>
							<v8:AllowedLength>Variable</v8:AllowedLength>
						</v8:StringQualifiers>
					</Type>
				</Properties>
			</Attribute>
			<Attribute uuid="f3736cef-f879-4f4c-85f2-c334d8f08ad6">
				<InternalInfo/>
				<Properties>
					<ObjectBelonging>Adopted</ObjectBelonging>
					<Name>ВерсияФорматаВыгрузки</Name>
					<Comment/>
					<ExtendedConfigurationObject>b2dbb70b-47eb-4790-83a8-f043ca45f75d</ExtendedConfigurationObject>
					<Type>
						<v8:Type>xs:string</v8:Type>
						<v8:StringQualifiers>
							<v8:Length>15</v8:Length>
							<v8:AllowedLength>Variable</v8:AllowedLength>
						</v8:StringQualifiers>
					</Type>
				</Properties>
			</Attribute>
			<Attribute uuid="cc93b1d8-428f-415f-a9d3-265fae7d1efe">
				<InternalInfo/>
				<Properties>
					<ObjectBelonging>Adopted</ObjectBelonging>
					<Name>Программа</Name>
					<Comment/>
					<ExtendedConfigurationObject>04e0a6e7-a492-49e2-ad5f-83f456907ee8</ExtendedConfigurationObject>
					<Type>
						<v8:Type>xs:string</v8:Type>
						<v8:StringQualifiers>
							<v8:Length>255</v8:Length>
							<v8:AllowedLength>Variable</v8:AllowedLength>
						</v8:StringQualifiers>
					</Type>
				</Properties>
			</Attribute>
			<Attribute uuid="01cbac86-90ac-4de6-a180-48004eb0ab5a">
				<InternalInfo/>
				<Properties>
					<ObjectBelonging>Adopted</ObjectBelonging>
					<Name>НомерСчета</Name>
					<Comment/>
					<ExtendedConfigurationObject>db8dbdae-bd94-4c57-8c2f-3511b1f4acfe</ExtendedConfigurationObject>
					<Type>
						<v8:Type>xs:string</v8:Type>
						<v8:StringQualifiers>
							<v8:Length>34</v8:Length>
							<v8:AllowedLength>Variable</v8:AllowedLength>
						</v8:StringQualifiers>
					</Type>
				</Properties>
			</Attribute>
			<Attribute uuid="6002acdd-29a8-42a6-8d3d-69278dedf270">
				<InternalInfo/>
				<Properties>
					<ObjectBelonging>Adopted</ObjectBelonging>
					<Name>НаименованиеБанкаДляРасчетов</Name>
					<Comment/>
					<ExtendedConfigurationObject>7ae3b6d2-065e-4034-b927-408cfb5cb404</ExtendedConfigurationObject>
					<Type>
						<v8:Type>xs:string</v8:Type>
						<v8:StringQualifiers>
							<v8:Length>100</v8:Length>
							<v8:AllowedLength>Variable</v8:AllowedLength>
						</v8:StringQualifiers>
					</Type>
				</Properties>
			</Attribute>
			<Attribute uuid="9501e8c4-0ac2-4cde-bc79-271ff364087a">
				<InternalInfo/>
				<Properties>
					<ObjectBelonging>Adopted</ObjectBelonging>
					<Name>БИКБанка</Name>
					<Comment/>
					<ExtendedConfigurationObject>c362f07b-b4db-485a-9818-b71e14166935</ExtendedConfigurationObject>
					<Type>
						<v8:Type>xs:string</v8:Type>
						<v8:StringQualifiers>
							<v8:Length>9</v8:Length>
							<v8:AllowedLength>Variable</v8:AllowedLength>
						</v8:StringQualifiers>
					</Type>
				</Properties>
			</Attribute>
			<Attribute uuid="006a337f-76b0-4a10-aff3-fe68619dd514">
				<InternalInfo/>
				<Properties>
					<ObjectBelonging>Adopted</ObjectBelonging>
					<Name>РучноеИзменениеРеквизитовБанка</Name>
					<Comment/>
					<ExtendedConfigurationObject>e013601b-9bfa-480e-b355-14301b81599d</ExtendedConfigurationObject>
					<Type>
						<v8:Type>xs:boolean</v8:Type>
					</Type>
				</Properties>
			</Attribute>
			<Attribute uuid="87a17791-0e8d-446f-af7d-fa6bc1871e18">
				<InternalInfo/>
				<Properties>
					<ObjectBelonging>Adopted</ObjectBelonging>
					<Name>НаименованиеБанка</Name>
					<Comment/>
					<ExtendedConfigurationObject>88ac130f-656b-4263-8c23-b1e53fd938b6</ExtendedConfigurationObject>
					<Type>
						<v8:Type>xs:string</v8:Type>
						<v8:StringQualifiers>
							<v8:Length>100</v8:Length>
							<v8:AllowedLength>Variable</v8:AllowedLength>
						</v8:StringQualifiers>
					</Type>
				</Properties>
			</Attribute>
			<Attribute uuid="cfee52e6-8cd4-4afb-83b8-0cd6ff7f4747">
				<InternalInfo/>
				<Properties>
					<ObjectBelonging>Adopted</ObjectBelonging>
					<Name>РучноеИзменениеРеквизитовБанкаДляРасчетов</Name>
					<Comment/>
					<ExtendedConfigurationObject>4bd26401-d798-4caa-b08e-e9d241193e0f</ExtendedConfigurationObject>
					<Type>
						<v8:Type>xs:boolean</v8:Type>
					</Type>
				</Properties>
			</Attribute>
			<Attribute uuid="5d793248-89c6-4f27-ac88-61b12f569db7">
				<InternalInfo/>
				<Properties>
					<ObjectBelonging>Adopted</ObjectBelonging>
					<Name>БИКБанкаДляРасчетов</Name>
					<Comment/>
					<ExtendedConfigurationObject>810ae3b1-8c28-4d5f-b995-5ddf22dffaac</ExtendedConfigurationObject>
					<Type>
						<v8:Type>xs:string</v8:Type>
						<v8:StringQualifiers>
							<v8:Length>9</v8:Length>
							<v8:AllowedLength>Variable</v8:AllowedLength>
						</v8:StringQualifiers>
					</Type>
				</Properties>
			</Attribute>
			<Form>ФормаЭлемента</Form>
			<Form>ФормаСписка</Form>
		</ChildObjects>
	</Catalog>
</MetaDataObject>