﻿<?xml version="1.0" encoding="UTF-8"?>
<MetaDataObject xmlns="http://v8.1c.ru/8.3/MDClasses" xmlns:app="http://v8.1c.ru/8.2/managed-application/core" xmlns:cfg="http://v8.1c.ru/8.1/data/enterprise/current-config" xmlns:cmi="http://v8.1c.ru/8.2/managed-application/cmi" xmlns:ent="http://v8.1c.ru/8.1/data/enterprise" xmlns:lf="http://v8.1c.ru/8.2/managed-application/logform" xmlns:style="http://v8.1c.ru/8.1/data/ui/style" xmlns:sys="http://v8.1c.ru/8.1/data/ui/fonts/system" xmlns:v8="http://v8.1c.ru/8.1/data/core" xmlns:v8ui="http://v8.1c.ru/8.1/data/ui" xmlns:web="http://v8.1c.ru/8.1/data/ui/colors/web" xmlns:win="http://v8.1c.ru/8.1/data/ui/colors/windows" xmlns:xen="http://v8.1c.ru/8.3/xcf/enums" xmlns:xpr="http://v8.1c.ru/8.3/xcf/predef" xmlns:xr="http://v8.1c.ru/8.3/xcf/readable" xmlns:xs="http://www.w3.org/2001/XMLSchema" xmlns:xsi="http://www.w3.org/2001/XMLSchema-instance" version="2.18">
	<Catalog uuid="f907ad5f-8190-4550-8e43-ae3d3da51887">
		<InternalInfo>
			<xr:GeneratedType name="CatalogObject.Валюты" category="Object">
				<xr:TypeId>1d9af42c-ba13-49b8-89e6-9e3ec606c4c0</xr:TypeId>
				<xr:ValueId>4f26b392-386f-4e04-9dc6-9c56b893b855</xr:ValueId>
			</xr:GeneratedType>
			<xr:GeneratedType name="CatalogRef.Валюты" category="Ref">
				<xr:TypeId>536bf4a0-3cc5-442f-94fc-4517d517415b</xr:TypeId>
				<xr:ValueId>6baf96d7-bca1-4224-8737-966ace360f4f</xr:ValueId>
			</xr:GeneratedType>
			<xr:GeneratedType name="CatalogSelection.Валюты" category="Selection">
				<xr:TypeId>642b268e-1c08-4e8c-9632-fb610cb4b8fa</xr:TypeId>
				<xr:ValueId>ba989ec3-60fc-4eab-8d80-3aa7cdad020a</xr:ValueId>
			</xr:GeneratedType>
			<xr:GeneratedType name="CatalogList.Валюты" category="List">
				<xr:TypeId>fc53c96e-09fc-4fa2-aca3-59ed53368447</xr:TypeId>
				<xr:ValueId>adbce55d-222d-447d-8e4c-c6f0f3d2a39a</xr:ValueId>
			</xr:GeneratedType>
			<xr:GeneratedType name="CatalogManager.Валюты" category="Manager">
				<xr:TypeId>a6f9bcc9-4bb8-49f0-b51f-1da444957400</xr:TypeId>
				<xr:ValueId>6b383dc1-2b86-445a-844f-1a556089d098</xr:ValueId>
			</xr:GeneratedType>
		</InternalInfo>
		<Properties>
			<ObjectBelonging>Adopted</ObjectBelonging>
			<Name>Валюты</Name>
			<Comment/>
			<ExtendedConfigurationObject>7aadbb67-f93e-43bb-9f53-f14d2c2a347a</ExtendedConfigurationObject>
		</Properties>
		<ChildObjects/>
	</Catalog>
</MetaDataObject>