﻿<?xml version="1.0" encoding="UTF-8"?>
<MetaDataObject xmlns="http://v8.1c.ru/8.3/MDClasses" xmlns:app="http://v8.1c.ru/8.2/managed-application/core" xmlns:cfg="http://v8.1c.ru/8.1/data/enterprise/current-config" xmlns:cmi="http://v8.1c.ru/8.2/managed-application/cmi" xmlns:ent="http://v8.1c.ru/8.1/data/enterprise" xmlns:lf="http://v8.1c.ru/8.2/managed-application/logform" xmlns:style="http://v8.1c.ru/8.1/data/ui/style" xmlns:sys="http://v8.1c.ru/8.1/data/ui/fonts/system" xmlns:v8="http://v8.1c.ru/8.1/data/core" xmlns:v8ui="http://v8.1c.ru/8.1/data/ui" xmlns:web="http://v8.1c.ru/8.1/data/ui/colors/web" xmlns:win="http://v8.1c.ru/8.1/data/ui/colors/windows" xmlns:xen="http://v8.1c.ru/8.3/xcf/enums" xmlns:xpr="http://v8.1c.ru/8.3/xcf/predef" xmlns:xr="http://v8.1c.ru/8.3/xcf/readable" xmlns:xs="http://www.w3.org/2001/XMLSchema" xmlns:xsi="http://www.w3.org/2001/XMLSchema-instance" version="2.18">
	<Catalog uuid="25e95524-7c5c-43da-8626-950ef62190aa">
		<InternalInfo>
			<xr:GeneratedType name="CatalogObject.ВидыЦен" category="Object">
				<xr:TypeId>b7512d16-c0f4-4f7b-b6b5-328e179fa793</xr:TypeId>
				<xr:ValueId>6f09a3c8-519e-4676-8627-00797e0ca6fd</xr:ValueId>
			</xr:GeneratedType>
			<xr:GeneratedType name="CatalogRef.ВидыЦен" category="Ref">
				<xr:TypeId>04529197-2f2a-4272-92c0-5cfaf2386677</xr:TypeId>
				<xr:ValueId>abb11b1c-7fe0-456a-a80f-fc93e56d3135</xr:ValueId>
			</xr:GeneratedType>
			<xr:GeneratedType name="CatalogSelection.ВидыЦен" category="Selection">
				<xr:TypeId>139c5050-eea4-4cb3-b1af-13c966a9cad4</xr:TypeId>
				<xr:ValueId>6206e738-cd72-4770-ac70-a618f1168691</xr:ValueId>
			</xr:GeneratedType>
			<xr:GeneratedType name="CatalogList.ВидыЦен" category="List">
				<xr:TypeId>0d2cbc8a-33b6-4872-bf1e-07a131bc8591</xr:TypeId>
				<xr:ValueId>5154c6bf-c478-49db-8f5e-541ff6e62528</xr:ValueId>
			</xr:GeneratedType>
			<xr:GeneratedType name="CatalogManager.ВидыЦен" category="Manager">
				<xr:TypeId>a9a38d7e-191b-4075-94c9-f5db88e1dff2</xr:TypeId>
				<xr:ValueId>0f2812c0-dc30-4983-a542-087796b68588</xr:ValueId>
			</xr:GeneratedType>
		</InternalInfo>
		<Properties>
			<ObjectBelonging>Adopted</ObjectBelonging>
			<Name>ВидыЦен</Name>
			<Comment/>
			<ExtendedConfigurationObject>1a6593e1-d0c4-428d-af64-b1161601c46b</ExtendedConfigurationObject>
		</Properties>
		<ChildObjects/>
	</Catalog>
</MetaDataObject>