﻿<?xml version="1.0" encoding="UTF-8"?>
<MetaDataObject xmlns="http://v8.1c.ru/8.3/MDClasses" xmlns:app="http://v8.1c.ru/8.2/managed-application/core" xmlns:cfg="http://v8.1c.ru/8.1/data/enterprise/current-config" xmlns:cmi="http://v8.1c.ru/8.2/managed-application/cmi" xmlns:ent="http://v8.1c.ru/8.1/data/enterprise" xmlns:lf="http://v8.1c.ru/8.2/managed-application/logform" xmlns:style="http://v8.1c.ru/8.1/data/ui/style" xmlns:sys="http://v8.1c.ru/8.1/data/ui/fonts/system" xmlns:v8="http://v8.1c.ru/8.1/data/core" xmlns:v8ui="http://v8.1c.ru/8.1/data/ui" xmlns:web="http://v8.1c.ru/8.1/data/ui/colors/web" xmlns:win="http://v8.1c.ru/8.1/data/ui/colors/windows" xmlns:xen="http://v8.1c.ru/8.3/xcf/enums" xmlns:xpr="http://v8.1c.ru/8.3/xcf/predef" xmlns:xr="http://v8.1c.ru/8.3/xcf/readable" xmlns:xs="http://www.w3.org/2001/XMLSchema" xmlns:xsi="http://www.w3.org/2001/XMLSchema-instance" version="2.18">
	<Catalog uuid="b307ef0e-e14b-4bc7-823b-7e99ded00c45">
		<InternalInfo>
			<xr:GeneratedType name="CatalogObject.ГосударственныеКонтракты" category="Object">
				<xr:TypeId>07af190d-92cb-4cc8-b3fd-bba367e6ead6</xr:TypeId>
				<xr:ValueId>ef801ba5-9f63-4dde-a102-9f42b63e65cf</xr:ValueId>
			</xr:GeneratedType>
			<xr:GeneratedType name="CatalogRef.ГосударственныеКонтракты" category="Ref">
				<xr:TypeId>90b6745f-2512-48eb-950a-83258fc13ca6</xr:TypeId>
				<xr:ValueId>38d6a5ca-04d9-45af-9329-4075a08f0e88</xr:ValueId>
			</xr:GeneratedType>
			<xr:GeneratedType name="CatalogSelection.ГосударственныеКонтракты" category="Selection">
				<xr:TypeId>d6ad5866-ed3d-437b-bcb4-e1a2f4448212</xr:TypeId>
				<xr:ValueId>18b9985c-fde4-4a47-8f4d-65976e3f5db5</xr:ValueId>
			</xr:GeneratedType>
			<xr:GeneratedType name="CatalogList.ГосударственныеКонтракты" category="List">
				<xr:TypeId>730fc1f1-0da2-4bc4-9d07-8fb461a8e809</xr:TypeId>
				<xr:ValueId>bcd1a27f-afa1-43ad-87e0-338800f82e91</xr:ValueId>
			</xr:GeneratedType>
			<xr:GeneratedType name="CatalogManager.ГосударственныеКонтракты" category="Manager">
				<xr:TypeId>5d164c70-f26b-48ec-b936-a19cc8538ead</xr:TypeId>
				<xr:ValueId>6c8dd27f-1fb0-486b-8e49-a5d83fb4958e</xr:ValueId>
			</xr:GeneratedType>
		</InternalInfo>
		<Properties>
			<ObjectBelonging>Adopted</ObjectBelonging>
			<Name>ГосударственныеКонтракты</Name>
			<Comment/>
			<ExtendedConfigurationObject>150b7e79-b2ba-4802-8c98-0fb39df77a4a</ExtendedConfigurationObject>
		</Properties>
		<ChildObjects/>
	</Catalog>
</MetaDataObject>