﻿<?xml version="1.0" encoding="UTF-8"?>
<MetaDataObject xmlns="http://v8.1c.ru/8.3/MDClasses" xmlns:app="http://v8.1c.ru/8.2/managed-application/core" xmlns:cfg="http://v8.1c.ru/8.1/data/enterprise/current-config" xmlns:cmi="http://v8.1c.ru/8.2/managed-application/cmi" xmlns:ent="http://v8.1c.ru/8.1/data/enterprise" xmlns:lf="http://v8.1c.ru/8.2/managed-application/logform" xmlns:style="http://v8.1c.ru/8.1/data/ui/style" xmlns:sys="http://v8.1c.ru/8.1/data/ui/fonts/system" xmlns:v8="http://v8.1c.ru/8.1/data/core" xmlns:v8ui="http://v8.1c.ru/8.1/data/ui" xmlns:web="http://v8.1c.ru/8.1/data/ui/colors/web" xmlns:win="http://v8.1c.ru/8.1/data/ui/colors/windows" xmlns:xen="http://v8.1c.ru/8.3/xcf/enums" xmlns:xpr="http://v8.1c.ru/8.3/xcf/predef" xmlns:xr="http://v8.1c.ru/8.3/xcf/readable" xmlns:xs="http://www.w3.org/2001/XMLSchema" xmlns:xsi="http://www.w3.org/2001/XMLSchema-instance" version="2.18">
	<Catalog uuid="6b07e1a8-a1d1-48ab-bdaa-300912397c4a">
		<InternalInfo>
			<xr:GeneratedType name="CatalogObject.ГруппыФинансовогоУчетаДенежныхСредств" category="Object">
				<xr:TypeId>e6b362c7-7766-406e-a4e8-b7958839273b</xr:TypeId>
				<xr:ValueId>180ef601-b43f-4d14-8e56-549e23c1ee8c</xr:ValueId>
			</xr:GeneratedType>
			<xr:GeneratedType name="CatalogRef.ГруппыФинансовогоУчетаДенежныхСредств" category="Ref">
				<xr:TypeId>1fd305b6-1cad-4d1d-8c9b-63d49934e52e</xr:TypeId>
				<xr:ValueId>f3fd43d8-fabb-4363-928a-02d662f9e4f0</xr:ValueId>
			</xr:GeneratedType>
			<xr:GeneratedType name="CatalogSelection.ГруппыФинансовогоУчетаДенежныхСредств" category="Selection">
				<xr:TypeId>f42c002c-0a17-4300-b6a7-ba96cd9c7de2</xr:TypeId>
				<xr:ValueId>c2d40a91-2986-4133-b495-c1d03caa3db1</xr:ValueId>
			</xr:GeneratedType>
			<xr:GeneratedType name="CatalogList.ГруппыФинансовогоУчетаДенежныхСредств" category="List">
				<xr:TypeId>1fdb3fde-a990-4cc5-868d-73a50033f2a3</xr:TypeId>
				<xr:ValueId>6dfe764b-c2ef-47b0-8ef2-e4cfb8d19028</xr:ValueId>
			</xr:GeneratedType>
			<xr:GeneratedType name="CatalogManager.ГруппыФинансовогоУчетаДенежныхСредств" category="Manager">
				<xr:TypeId>88a46baf-a9eb-41bd-99bc-7e0dadae52e6</xr:TypeId>
				<xr:ValueId>9d887c1e-0b47-46b5-a8c9-81eddee06e86</xr:ValueId>
			</xr:GeneratedType>
		</InternalInfo>
		<Properties>
			<ObjectBelonging>Adopted</ObjectBelonging>
			<Name>ГруппыФинансовогоУчетаДенежныхСредств</Name>
			<Comment/>
			<ExtendedConfigurationObject>3abcc356-1b2f-407d-a978-34f6909c8954</ExtendedConfigurationObject>
		</Properties>
		<ChildObjects/>
	</Catalog>
</MetaDataObject>