﻿<?xml version="1.0" encoding="UTF-8"?>
<MetaDataObject xmlns="http://v8.1c.ru/8.3/MDClasses" xmlns:app="http://v8.1c.ru/8.2/managed-application/core" xmlns:cfg="http://v8.1c.ru/8.1/data/enterprise/current-config" xmlns:cmi="http://v8.1c.ru/8.2/managed-application/cmi" xmlns:ent="http://v8.1c.ru/8.1/data/enterprise" xmlns:lf="http://v8.1c.ru/8.2/managed-application/logform" xmlns:style="http://v8.1c.ru/8.1/data/ui/style" xmlns:sys="http://v8.1c.ru/8.1/data/ui/fonts/system" xmlns:v8="http://v8.1c.ru/8.1/data/core" xmlns:v8ui="http://v8.1c.ru/8.1/data/ui" xmlns:web="http://v8.1c.ru/8.1/data/ui/colors/web" xmlns:win="http://v8.1c.ru/8.1/data/ui/colors/windows" xmlns:xen="http://v8.1c.ru/8.3/xcf/enums" xmlns:xpr="http://v8.1c.ru/8.3/xcf/predef" xmlns:xr="http://v8.1c.ru/8.3/xcf/readable" xmlns:xs="http://www.w3.org/2001/XMLSchema" xmlns:xsi="http://www.w3.org/2001/XMLSchema-instance" version="2.18">
	<Catalog uuid="bf632e6f-bea2-48f7-ba26-03f408282586">
		<InternalInfo>
			<xr:GeneratedType name="CatalogObject.ДоговорыКонтрагентов" category="Object">
				<xr:TypeId>24e251a9-d4fb-4ac4-9879-6be043b91c9b</xr:TypeId>
				<xr:ValueId>b79eb9f4-5d28-4d0b-ac55-5ac8b4235f2e</xr:ValueId>
			</xr:GeneratedType>
			<xr:GeneratedType name="CatalogRef.ДоговорыКонтрагентов" category="Ref">
				<xr:TypeId>a294947a-0932-4bfd-9af5-e2fe112d0b26</xr:TypeId>
				<xr:ValueId>b34c8a11-4417-40fc-b3a2-39148399b9f4</xr:ValueId>
			</xr:GeneratedType>
			<xr:GeneratedType name="CatalogSelection.ДоговорыКонтрагентов" category="Selection">
				<xr:TypeId>f7b33c13-0a69-40d8-b743-35caf40e6750</xr:TypeId>
				<xr:ValueId>bb1752c7-f710-447b-8ea1-b726017ea8b6</xr:ValueId>
			</xr:GeneratedType>
			<xr:GeneratedType name="CatalogList.ДоговорыКонтрагентов" category="List">
				<xr:TypeId>a842701f-2a5b-42c2-adba-4e5d20affa2d</xr:TypeId>
				<xr:ValueId>15295b3b-cf25-467b-8ae0-39d0fdd674b4</xr:ValueId>
			</xr:GeneratedType>
			<xr:GeneratedType name="CatalogManager.ДоговорыКонтрагентов" category="Manager">
				<xr:TypeId>6692ef05-2978-472c-b399-b48471827696</xr:TypeId>
				<xr:ValueId>662addc4-89c4-4b44-a37e-8d02cee0a9c5</xr:ValueId>
			</xr:GeneratedType>
		</InternalInfo>
		<Properties>
			<ObjectBelonging>Adopted</ObjectBelonging>
			<Name>ДоговорыКонтрагентов</Name>
			<Comment/>
			<ExtendedConfigurationObject>3404cb9a-92ea-42b9-9086-ad481dbc27d7</ExtendedConfigurationObject>
		</Properties>
		<ChildObjects/>
	</Catalog>
</MetaDataObject>