﻿<?xml version="1.0" encoding="UTF-8"?>
<MetaDataObject xmlns="http://v8.1c.ru/8.3/MDClasses" xmlns:app="http://v8.1c.ru/8.2/managed-application/core" xmlns:cfg="http://v8.1c.ru/8.1/data/enterprise/current-config" xmlns:cmi="http://v8.1c.ru/8.2/managed-application/cmi" xmlns:ent="http://v8.1c.ru/8.1/data/enterprise" xmlns:lf="http://v8.1c.ru/8.2/managed-application/logform" xmlns:style="http://v8.1c.ru/8.1/data/ui/style" xmlns:sys="http://v8.1c.ru/8.1/data/ui/fonts/system" xmlns:v8="http://v8.1c.ru/8.1/data/core" xmlns:v8ui="http://v8.1c.ru/8.1/data/ui" xmlns:web="http://v8.1c.ru/8.1/data/ui/colors/web" xmlns:win="http://v8.1c.ru/8.1/data/ui/colors/windows" xmlns:xen="http://v8.1c.ru/8.3/xcf/enums" xmlns:xpr="http://v8.1c.ru/8.3/xcf/predef" xmlns:xr="http://v8.1c.ru/8.3/xcf/readable" xmlns:xs="http://www.w3.org/2001/XMLSchema" xmlns:xsi="http://www.w3.org/2001/XMLSchema-instance" version="2.18">
	<Catalog uuid="e7e06d8d-d106-479c-addb-9d79df4a0850">
		<InternalInfo>
			<xr:GeneratedType name="CatalogObject.ЗоныДоставки" category="Object">
				<xr:TypeId>276bcfae-d99a-4261-80ad-7571ec3d3a3b</xr:TypeId>
				<xr:ValueId>d40b36fe-3691-4bcc-99c6-4084142c4cf4</xr:ValueId>
			</xr:GeneratedType>
			<xr:GeneratedType name="CatalogRef.ЗоныДоставки" category="Ref">
				<xr:TypeId>22fda652-891d-445e-9256-53023155ec46</xr:TypeId>
				<xr:ValueId>548ffc5a-d3fb-41a3-82ea-0565ad03a6c9</xr:ValueId>
			</xr:GeneratedType>
			<xr:GeneratedType name="CatalogSelection.ЗоныДоставки" category="Selection">
				<xr:TypeId>dd6d92ef-90d3-4dca-845d-c663ca61e9f7</xr:TypeId>
				<xr:ValueId>aa1c8d09-9ebb-4abf-a425-347bc1b49933</xr:ValueId>
			</xr:GeneratedType>
			<xr:GeneratedType name="CatalogList.ЗоныДоставки" category="List">
				<xr:TypeId>682d5825-553d-456f-848e-0642615e7bef</xr:TypeId>
				<xr:ValueId>ad16c360-9ce3-470a-9824-27e38935b647</xr:ValueId>
			</xr:GeneratedType>
			<xr:GeneratedType name="CatalogManager.ЗоныДоставки" category="Manager">
				<xr:TypeId>d9d7abe5-8de5-4c6a-9439-3216b21a8627</xr:TypeId>
				<xr:ValueId>211a8db8-6fdf-4b26-b828-7a4f1d418f2b</xr:ValueId>
			</xr:GeneratedType>
		</InternalInfo>
		<Properties>
			<ObjectBelonging>Adopted</ObjectBelonging>
			<Name>ЗоныДоставки</Name>
			<Comment/>
			<ExtendedConfigurationObject>ba5d890b-de2b-42a0-afe2-c800460fc050</ExtendedConfigurationObject>
		</Properties>
		<ChildObjects/>
	</Catalog>
</MetaDataObject>