﻿<?xml version="1.0" encoding="UTF-8"?>
<MetaDataObject xmlns="http://v8.1c.ru/8.3/MDClasses" xmlns:app="http://v8.1c.ru/8.2/managed-application/core" xmlns:cfg="http://v8.1c.ru/8.1/data/enterprise/current-config" xmlns:cmi="http://v8.1c.ru/8.2/managed-application/cmi" xmlns:ent="http://v8.1c.ru/8.1/data/enterprise" xmlns:lf="http://v8.1c.ru/8.2/managed-application/logform" xmlns:style="http://v8.1c.ru/8.1/data/ui/style" xmlns:sys="http://v8.1c.ru/8.1/data/ui/fonts/system" xmlns:v8="http://v8.1c.ru/8.1/data/core" xmlns:v8ui="http://v8.1c.ru/8.1/data/ui" xmlns:web="http://v8.1c.ru/8.1/data/ui/colors/web" xmlns:win="http://v8.1c.ru/8.1/data/ui/colors/windows" xmlns:xen="http://v8.1c.ru/8.3/xcf/enums" xmlns:xpr="http://v8.1c.ru/8.3/xcf/predef" xmlns:xr="http://v8.1c.ru/8.3/xcf/readable" xmlns:xs="http://www.w3.org/2001/XMLSchema" xmlns:xsi="http://www.w3.org/2001/XMLSchema-instance" version="2.18">
	<Catalog uuid="601622cf-fabe-41be-a65c-ff1e8c7afc3e">
		<InternalInfo>
			<xr:GeneratedType name="CatalogObject.КартыЛояльности" category="Object">
				<xr:TypeId>d1ff13a8-2900-4b95-8d9d-cdbe057cefea</xr:TypeId>
				<xr:ValueId>5552e964-22e5-4088-aa8a-a77d8e165df1</xr:ValueId>
			</xr:GeneratedType>
			<xr:GeneratedType name="CatalogRef.КартыЛояльности" category="Ref">
				<xr:TypeId>c66e747f-1ce7-474e-b419-85845ade1a98</xr:TypeId>
				<xr:ValueId>b7f9ded6-15fd-4046-b5ae-5d07a58d87a1</xr:ValueId>
			</xr:GeneratedType>
			<xr:GeneratedType name="CatalogSelection.КартыЛояльности" category="Selection">
				<xr:TypeId>8e4ae874-32bd-4752-9ce7-db9a6df85d7c</xr:TypeId>
				<xr:ValueId>79b9f480-d5ac-45ba-a09a-a13245169a2b</xr:ValueId>
			</xr:GeneratedType>
			<xr:GeneratedType name="CatalogList.КартыЛояльности" category="List">
				<xr:TypeId>13fe3efc-5834-4a72-9860-d29df5788ce4</xr:TypeId>
				<xr:ValueId>31ca3747-60b6-4acd-a970-147b453e7089</xr:ValueId>
			</xr:GeneratedType>
			<xr:GeneratedType name="CatalogManager.КартыЛояльности" category="Manager">
				<xr:TypeId>25f72964-4279-4a28-ae6e-9401066c3d08</xr:TypeId>
				<xr:ValueId>ca94d4ae-3b12-4809-a04f-afe49d62ba6f</xr:ValueId>
			</xr:GeneratedType>
		</InternalInfo>
		<Properties>
			<ObjectBelonging>Adopted</ObjectBelonging>
			<Name>КартыЛояльности</Name>
			<Comment/>
			<ExtendedConfigurationObject>41416354-758a-49f8-9426-aaec266ec3b9</ExtendedConfigurationObject>
		</Properties>
		<ChildObjects/>
	</Catalog>
</MetaDataObject>