﻿<?xml version="1.0" encoding="UTF-8"?>
<MetaDataObject xmlns="http://v8.1c.ru/8.3/MDClasses" xmlns:app="http://v8.1c.ru/8.2/managed-application/core" xmlns:cfg="http://v8.1c.ru/8.1/data/enterprise/current-config" xmlns:cmi="http://v8.1c.ru/8.2/managed-application/cmi" xmlns:ent="http://v8.1c.ru/8.1/data/enterprise" xmlns:lf="http://v8.1c.ru/8.2/managed-application/logform" xmlns:style="http://v8.1c.ru/8.1/data/ui/style" xmlns:sys="http://v8.1c.ru/8.1/data/ui/fonts/system" xmlns:v8="http://v8.1c.ru/8.1/data/core" xmlns:v8ui="http://v8.1c.ru/8.1/data/ui" xmlns:web="http://v8.1c.ru/8.1/data/ui/colors/web" xmlns:win="http://v8.1c.ru/8.1/data/ui/colors/windows" xmlns:xen="http://v8.1c.ru/8.3/xcf/enums" xmlns:xpr="http://v8.1c.ru/8.3/xcf/predef" xmlns:xr="http://v8.1c.ru/8.3/xcf/readable" xmlns:xs="http://www.w3.org/2001/XMLSchema" xmlns:xsi="http://www.w3.org/2001/XMLSchema-instance" version="2.18">
	<Catalog uuid="cc49bf2c-28f3-48d3-827c-95f99f3a4a6e">
		<InternalInfo>
			<xr:GeneratedType name="CatalogObject.КонтактныеЛицаПартнеров" category="Object">
				<xr:TypeId>46d3866a-469e-4970-88dd-acca50d72fd9</xr:TypeId>
				<xr:ValueId>ccc5c886-e37b-48c9-8246-76dd19527aa4</xr:ValueId>
			</xr:GeneratedType>
			<xr:GeneratedType name="CatalogRef.КонтактныеЛицаПартнеров" category="Ref">
				<xr:TypeId>32a2ffb6-a04a-4156-888b-24e96463f9f4</xr:TypeId>
				<xr:ValueId>06ccf3db-bc09-4ca9-bb4f-47250d5bda3c</xr:ValueId>
			</xr:GeneratedType>
			<xr:GeneratedType name="CatalogSelection.КонтактныеЛицаПартнеров" category="Selection">
				<xr:TypeId>fa5489c3-0c77-4db9-9255-1df3110165fe</xr:TypeId>
				<xr:ValueId>7fbd6bcb-16bc-4406-b368-11ed77a708e8</xr:ValueId>
			</xr:GeneratedType>
			<xr:GeneratedType name="CatalogList.КонтактныеЛицаПартнеров" category="List">
				<xr:TypeId>15f77120-f749-4bc3-9503-d3c98ba4a1cb</xr:TypeId>
				<xr:ValueId>a9f6ab9e-ffa9-4914-b71b-b6fb7755e47e</xr:ValueId>
			</xr:GeneratedType>
			<xr:GeneratedType name="CatalogManager.КонтактныеЛицаПартнеров" category="Manager">
				<xr:TypeId>f3565201-cb81-48e1-bea4-97a9e3492fdc</xr:TypeId>
				<xr:ValueId>d993224c-fe07-4e9d-b333-7632dd71d022</xr:ValueId>
			</xr:GeneratedType>
		</InternalInfo>
		<Properties>
			<ObjectBelonging>Adopted</ObjectBelonging>
			<Name>КонтактныеЛицаПартнеров</Name>
			<Comment/>
			<ExtendedConfigurationObject>877a04b6-4c0b-4715-b826-6ac77909e040</ExtendedConfigurationObject>
		</Properties>
		<ChildObjects/>
	</Catalog>
</MetaDataObject>