﻿<?xml version="1.0" encoding="UTF-8"?>
<MetaDataObject xmlns="http://v8.1c.ru/8.3/MDClasses" xmlns:app="http://v8.1c.ru/8.2/managed-application/core" xmlns:cfg="http://v8.1c.ru/8.1/data/enterprise/current-config" xmlns:cmi="http://v8.1c.ru/8.2/managed-application/cmi" xmlns:ent="http://v8.1c.ru/8.1/data/enterprise" xmlns:lf="http://v8.1c.ru/8.2/managed-application/logform" xmlns:style="http://v8.1c.ru/8.1/data/ui/style" xmlns:sys="http://v8.1c.ru/8.1/data/ui/fonts/system" xmlns:v8="http://v8.1c.ru/8.1/data/core" xmlns:v8ui="http://v8.1c.ru/8.1/data/ui" xmlns:web="http://v8.1c.ru/8.1/data/ui/colors/web" xmlns:win="http://v8.1c.ru/8.1/data/ui/colors/windows" xmlns:xen="http://v8.1c.ru/8.3/xcf/enums" xmlns:xpr="http://v8.1c.ru/8.3/xcf/predef" xmlns:xr="http://v8.1c.ru/8.3/xcf/readable" xmlns:xs="http://www.w3.org/2001/XMLSchema" xmlns:xsi="http://www.w3.org/2001/XMLSchema-instance" version="2.18">
	<Catalog uuid="0afed837-72f0-4d8d-be7a-16d5529e6bc0">
		<InternalInfo>
			<xr:GeneratedType name="CatalogObject.НаправленияДеятельности" category="Object">
				<xr:TypeId>a41b4bb4-a23d-4643-8c21-0cfd3e2297e0</xr:TypeId>
				<xr:ValueId>e24a0192-6035-4920-94c1-af22ca7f6487</xr:ValueId>
			</xr:GeneratedType>
			<xr:GeneratedType name="CatalogRef.НаправленияДеятельности" category="Ref">
				<xr:TypeId>ffd5f0df-9a86-4e7b-bfa5-4febde79d3d3</xr:TypeId>
				<xr:ValueId>2a025582-18d1-4afd-96e1-b442ea1e5666</xr:ValueId>
			</xr:GeneratedType>
			<xr:GeneratedType name="CatalogSelection.НаправленияДеятельности" category="Selection">
				<xr:TypeId>62b46fc9-ec22-4ff1-bb33-21dc9de3da6e</xr:TypeId>
				<xr:ValueId>29fe6268-29c5-4d32-b501-68bd830df3e5</xr:ValueId>
			</xr:GeneratedType>
			<xr:GeneratedType name="CatalogList.НаправленияДеятельности" category="List">
				<xr:TypeId>595a141a-e84d-433a-bdf7-3ce70ae5d4e2</xr:TypeId>
				<xr:ValueId>096ad9e4-1732-4e72-ae07-5399d84ec26f</xr:ValueId>
			</xr:GeneratedType>
			<xr:GeneratedType name="CatalogManager.НаправленияДеятельности" category="Manager">
				<xr:TypeId>4f1c563b-e579-4ab9-85f2-a77c3ce37f60</xr:TypeId>
				<xr:ValueId>ff9dfcb2-dec9-40f8-8d80-72a89b8056ef</xr:ValueId>
			</xr:GeneratedType>
		</InternalInfo>
		<Properties>
			<ObjectBelonging>Adopted</ObjectBelonging>
			<Name>НаправленияДеятельности</Name>
			<Comment/>
			<ExtendedConfigurationObject>87a384c3-ab2e-4314-85a9-9834c3877db5</ExtendedConfigurationObject>
		</Properties>
		<ChildObjects/>
	</Catalog>
</MetaDataObject>