﻿<?xml version="1.0" encoding="UTF-8"?>
<MetaDataObject xmlns="http://v8.1c.ru/8.3/MDClasses" xmlns:app="http://v8.1c.ru/8.2/managed-application/core" xmlns:cfg="http://v8.1c.ru/8.1/data/enterprise/current-config" xmlns:cmi="http://v8.1c.ru/8.2/managed-application/cmi" xmlns:ent="http://v8.1c.ru/8.1/data/enterprise" xmlns:lf="http://v8.1c.ru/8.2/managed-application/logform" xmlns:style="http://v8.1c.ru/8.1/data/ui/style" xmlns:sys="http://v8.1c.ru/8.1/data/ui/fonts/system" xmlns:v8="http://v8.1c.ru/8.1/data/core" xmlns:v8ui="http://v8.1c.ru/8.1/data/ui" xmlns:web="http://v8.1c.ru/8.1/data/ui/colors/web" xmlns:win="http://v8.1c.ru/8.1/data/ui/colors/windows" xmlns:xen="http://v8.1c.ru/8.3/xcf/enums" xmlns:xpr="http://v8.1c.ru/8.3/xcf/predef" xmlns:xr="http://v8.1c.ru/8.3/xcf/readable" xmlns:xs="http://www.w3.org/2001/XMLSchema" xmlns:xsi="http://www.w3.org/2001/XMLSchema-instance" version="2.18">
	<Catalog uuid="d2c9ac67-3ef7-4246-81f4-8e641f1dee64">
		<InternalInfo>
			<xr:GeneratedType name="CatalogObject.Номенклатура" category="Object">
				<xr:TypeId>3cb7b161-c7a3-4376-b2fc-e76698e7ea79</xr:TypeId>
				<xr:ValueId>363bce30-62f0-4e21-8634-8191e7d9a8fd</xr:ValueId>
			</xr:GeneratedType>
			<xr:GeneratedType name="CatalogRef.Номенклатура" category="Ref">
				<xr:TypeId>24601cd5-b6b0-4093-ac7d-e224d982cc41</xr:TypeId>
				<xr:ValueId>b5fbaa09-1551-4e31-a063-c7a9aaeb8050</xr:ValueId>
			</xr:GeneratedType>
			<xr:GeneratedType name="CatalogSelection.Номенклатура" category="Selection">
				<xr:TypeId>cf959396-0aa6-4821-8580-1a3f4ff73dda</xr:TypeId>
				<xr:ValueId>4a2744f7-ebec-4449-9ee0-800b3cade235</xr:ValueId>
			</xr:GeneratedType>
			<xr:GeneratedType name="CatalogList.Номенклатура" category="List">
				<xr:TypeId>4bea0977-465f-4620-a0bb-ff1f92b9b240</xr:TypeId>
				<xr:ValueId>7238fb09-a515-4e9c-8202-2917a45dcb1e</xr:ValueId>
			</xr:GeneratedType>
			<xr:GeneratedType name="CatalogManager.Номенклатура" category="Manager">
				<xr:TypeId>ca9a30bf-2ba5-487c-a0ed-cf2897b9a9ba</xr:TypeId>
				<xr:ValueId>6a221600-fd6b-4960-ba50-65080ef0a4b2</xr:ValueId>
			</xr:GeneratedType>
		</InternalInfo>
		<Properties>
			<ObjectBelonging>Adopted</ObjectBelonging>
			<Name>Номенклатура</Name>
			<Comment/>
			<ExtendedConfigurationObject>fc59acc3-f1f7-4e3f-96da-e580f2c5a88f</ExtendedConfigurationObject>
			<CodeLength>11</CodeLength>
			<CodeType>String</CodeType>
			<CodeAllowedLength>Fixed</CodeAllowedLength>
		</Properties>
		<ChildObjects>
			<Attribute uuid="beb271b0-8c3b-4b60-9d95-fde96f06c276">
				<InternalInfo/>
				<Properties>
					<ObjectBelonging>Adopted</ObjectBelonging>
					<Name>ТипНоменклатуры</Name>
					<Comment/>
					<ExtendedConfigurationObject>1b521724-19bd-43e6-b544-b67dc4ba22b9</ExtendedConfigurationObject>
					<Type>
						<v8:Type>cfg:EnumRef.ТипыНоменклатуры</v8:Type>
					</Type>
				</Properties>
			</Attribute>
			<Attribute uuid="b40f084e-7497-4267-bde4-411b8d773e56">
				<InternalInfo/>
				<Properties>
					<ObjectBelonging>Adopted</ObjectBelonging>
					<Name>ЕдиницаИзмерения</Name>
					<Comment/>
					<ExtendedConfigurationObject>3d295926-ac21-4f62-b76e-64c929f1fc0e</ExtendedConfigurationObject>
					<Type>
						<v8:Type>cfg:CatalogRef.УпаковкиЕдиницыИзмерения</v8:Type>
					</Type>
				</Properties>
			</Attribute>
		</ChildObjects>
	</Catalog>
</MetaDataObject>