﻿<?xml version="1.0" encoding="UTF-8"?>
<MetaDataObject xmlns="http://v8.1c.ru/8.3/MDClasses" xmlns:app="http://v8.1c.ru/8.2/managed-application/core" xmlns:cfg="http://v8.1c.ru/8.1/data/enterprise/current-config" xmlns:cmi="http://v8.1c.ru/8.2/managed-application/cmi" xmlns:ent="http://v8.1c.ru/8.1/data/enterprise" xmlns:lf="http://v8.1c.ru/8.2/managed-application/logform" xmlns:style="http://v8.1c.ru/8.1/data/ui/style" xmlns:sys="http://v8.1c.ru/8.1/data/ui/fonts/system" xmlns:v8="http://v8.1c.ru/8.1/data/core" xmlns:v8ui="http://v8.1c.ru/8.1/data/ui" xmlns:web="http://v8.1c.ru/8.1/data/ui/colors/web" xmlns:win="http://v8.1c.ru/8.1/data/ui/colors/windows" xmlns:xen="http://v8.1c.ru/8.3/xcf/enums" xmlns:xpr="http://v8.1c.ru/8.3/xcf/predef" xmlns:xr="http://v8.1c.ru/8.3/xcf/readable" xmlns:xs="http://www.w3.org/2001/XMLSchema" xmlns:xsi="http://www.w3.org/2001/XMLSchema-instance" version="2.18">
	<Catalog uuid="2d92655b-9a14-4de7-932f-46cf3c309b35">
		<InternalInfo>
			<xr:GeneratedType name="CatalogObject.НоменклатураКонтрагентов" category="Object">
				<xr:TypeId>4e877075-a10b-4b7f-84a5-e9fe37e51e73</xr:TypeId>
				<xr:ValueId>5cd8f563-1ca7-446c-bbf0-6affc65d7d79</xr:ValueId>
			</xr:GeneratedType>
			<xr:GeneratedType name="CatalogRef.НоменклатураКонтрагентов" category="Ref">
				<xr:TypeId>f3fc682b-6bf9-42ed-b52b-a617a91531cf</xr:TypeId>
				<xr:ValueId>a2be300d-37c8-4a65-921d-ffbf7ed638de</xr:ValueId>
			</xr:GeneratedType>
			<xr:GeneratedType name="CatalogSelection.НоменклатураКонтрагентов" category="Selection">
				<xr:TypeId>c9979dcc-4730-4428-9450-c1ac96330e53</xr:TypeId>
				<xr:ValueId>3547aebb-b63b-4de2-a556-08632eadf1dd</xr:ValueId>
			</xr:GeneratedType>
			<xr:GeneratedType name="CatalogList.НоменклатураКонтрагентов" category="List">
				<xr:TypeId>4bd635f3-5ce8-4de5-ae9a-7d52b3b7b5bf</xr:TypeId>
				<xr:ValueId>f2378b0d-1c3b-4332-9ef5-b297ffe54a12</xr:ValueId>
			</xr:GeneratedType>
			<xr:GeneratedType name="CatalogManager.НоменклатураКонтрагентов" category="Manager">
				<xr:TypeId>0eaaf8bd-ab38-457b-b635-2456394635b2</xr:TypeId>
				<xr:ValueId>cef780ee-a0eb-4bd4-a81a-76cc384a41f1</xr:ValueId>
			</xr:GeneratedType>
		</InternalInfo>
		<Properties>
			<ObjectBelonging>Adopted</ObjectBelonging>
			<Name>НоменклатураКонтрагентов</Name>
			<Comment/>
			<ExtendedConfigurationObject>fb652c53-8b80-4555-a9eb-dba4d24c612d</ExtendedConfigurationObject>
		</Properties>
		<ChildObjects/>
	</Catalog>
</MetaDataObject>