﻿<?xml version="1.0" encoding="UTF-8"?>
<MetaDataObject xmlns="http://v8.1c.ru/8.3/MDClasses" xmlns:app="http://v8.1c.ru/8.2/managed-application/core" xmlns:cfg="http://v8.1c.ru/8.1/data/enterprise/current-config" xmlns:cmi="http://v8.1c.ru/8.2/managed-application/cmi" xmlns:ent="http://v8.1c.ru/8.1/data/enterprise" xmlns:lf="http://v8.1c.ru/8.2/managed-application/logform" xmlns:style="http://v8.1c.ru/8.1/data/ui/style" xmlns:sys="http://v8.1c.ru/8.1/data/ui/fonts/system" xmlns:v8="http://v8.1c.ru/8.1/data/core" xmlns:v8ui="http://v8.1c.ru/8.1/data/ui" xmlns:web="http://v8.1c.ru/8.1/data/ui/colors/web" xmlns:win="http://v8.1c.ru/8.1/data/ui/colors/windows" xmlns:xen="http://v8.1c.ru/8.3/xcf/enums" xmlns:xpr="http://v8.1c.ru/8.3/xcf/predef" xmlns:xr="http://v8.1c.ru/8.3/xcf/readable" xmlns:xs="http://www.w3.org/2001/XMLSchema" xmlns:xsi="http://www.w3.org/2001/XMLSchema-instance" version="2.18">
	<Catalog uuid="52f17fd4-4dee-483b-8a22-b448498a539d">
		<InternalInfo>
			<xr:GeneratedType name="CatalogObject.Организации" category="Object">
				<xr:TypeId>b0daa1dd-cf9a-41af-a830-36118173c428</xr:TypeId>
				<xr:ValueId>ac1521a0-4006-44f5-8fee-3f93dea0fa1f</xr:ValueId>
			</xr:GeneratedType>
			<xr:GeneratedType name="CatalogRef.Организации" category="Ref">
				<xr:TypeId>b3ca7c21-2a81-4ef0-bb96-894bf8d4a668</xr:TypeId>
				<xr:ValueId>61f3d5cc-346d-47dd-a1d1-1c668d6c5ff6</xr:ValueId>
			</xr:GeneratedType>
			<xr:GeneratedType name="CatalogSelection.Организации" category="Selection">
				<xr:TypeId>82dccd38-82e9-4e77-8746-d34189564002</xr:TypeId>
				<xr:ValueId>5a0f80ca-a18f-4c7d-ab07-b4ca48e66701</xr:ValueId>
			</xr:GeneratedType>
			<xr:GeneratedType name="CatalogList.Организации" category="List">
				<xr:TypeId>a3dee521-7eb4-42ce-9d5d-673fc3270748</xr:TypeId>
				<xr:ValueId>86dc47db-b16d-4584-8833-ade9002e40b1</xr:ValueId>
			</xr:GeneratedType>
			<xr:GeneratedType name="CatalogManager.Организации" category="Manager">
				<xr:TypeId>1b524387-b325-4f17-958a-3f882fcefa11</xr:TypeId>
				<xr:ValueId>35eaa69b-2cbc-4fe9-beb0-fba931e6e855</xr:ValueId>
			</xr:GeneratedType>
		</InternalInfo>
		<Properties>
			<ObjectBelonging>Adopted</ObjectBelonging>
			<Name>Организации</Name>
			<Comment/>
			<ExtendedConfigurationObject>35a6d3c8-3832-419f-81ef-fc7c113af6a4</ExtendedConfigurationObject>
		</Properties>
		<ChildObjects/>
	</Catalog>
</MetaDataObject>