﻿<?xml version="1.0" encoding="UTF-8"?>
<MetaDataObject xmlns="http://v8.1c.ru/8.3/MDClasses" xmlns:app="http://v8.1c.ru/8.2/managed-application/core" xmlns:cfg="http://v8.1c.ru/8.1/data/enterprise/current-config" xmlns:cmi="http://v8.1c.ru/8.2/managed-application/cmi" xmlns:ent="http://v8.1c.ru/8.1/data/enterprise" xmlns:lf="http://v8.1c.ru/8.2/managed-application/logform" xmlns:style="http://v8.1c.ru/8.1/data/ui/style" xmlns:sys="http://v8.1c.ru/8.1/data/ui/fonts/system" xmlns:v8="http://v8.1c.ru/8.1/data/core" xmlns:v8ui="http://v8.1c.ru/8.1/data/ui" xmlns:web="http://v8.1c.ru/8.1/data/ui/colors/web" xmlns:win="http://v8.1c.ru/8.1/data/ui/colors/windows" xmlns:xen="http://v8.1c.ru/8.3/xcf/enums" xmlns:xpr="http://v8.1c.ru/8.3/xcf/predef" xmlns:xr="http://v8.1c.ru/8.3/xcf/readable" xmlns:xs="http://www.w3.org/2001/XMLSchema" xmlns:xsi="http://www.w3.org/2001/XMLSchema-instance" version="2.18">
	<Catalog uuid="501e6125-8f96-4412-a56e-59ec0f9bae3e">
		<InternalInfo>
			<xr:GeneratedType name="CatalogObject.Партнеры" category="Object">
				<xr:TypeId>1bcf286f-d6b9-4e1e-8fbc-21b2e4714d10</xr:TypeId>
				<xr:ValueId>e4391abe-6338-4d86-a5a6-9b22f705dddf</xr:ValueId>
			</xr:GeneratedType>
			<xr:GeneratedType name="CatalogRef.Партнеры" category="Ref">
				<xr:TypeId>01fbb957-54bb-47d5-adb4-cdf34e681a51</xr:TypeId>
				<xr:ValueId>d14f63f7-9174-4094-b893-6c782ffac0e3</xr:ValueId>
			</xr:GeneratedType>
			<xr:GeneratedType name="CatalogSelection.Партнеры" category="Selection">
				<xr:TypeId>af3b5449-dd0f-4a89-8cda-9fed9de21212</xr:TypeId>
				<xr:ValueId>1ed674f0-ceed-4bdf-91e5-8d779f5a60ca</xr:ValueId>
			</xr:GeneratedType>
			<xr:GeneratedType name="CatalogList.Партнеры" category="List">
				<xr:TypeId>12ce6458-2b7c-44a7-b5f5-697fe4ec7c91</xr:TypeId>
				<xr:ValueId>b1814975-e89e-492f-860b-85537982e854</xr:ValueId>
			</xr:GeneratedType>
			<xr:GeneratedType name="CatalogManager.Партнеры" category="Manager">
				<xr:TypeId>1cbd1281-6f52-4413-8152-e76fb0c24474</xr:TypeId>
				<xr:ValueId>54cf460b-f9cf-4967-9fb8-b455f88dc9b9</xr:ValueId>
			</xr:GeneratedType>
		</InternalInfo>
		<Properties>
			<ObjectBelonging>Adopted</ObjectBelonging>
			<Name>Партнеры</Name>
			<Comment/>
			<ExtendedConfigurationObject>bf75bcc5-82ee-4bd0-89e1-420b42c99454</ExtendedConfigurationObject>
		</Properties>
		<ChildObjects/>
	</Catalog>
</MetaDataObject>