﻿<?xml version="1.0" encoding="UTF-8"?>
<MetaDataObject xmlns="http://v8.1c.ru/8.3/MDClasses" xmlns:app="http://v8.1c.ru/8.2/managed-application/core" xmlns:cfg="http://v8.1c.ru/8.1/data/enterprise/current-config" xmlns:cmi="http://v8.1c.ru/8.2/managed-application/cmi" xmlns:ent="http://v8.1c.ru/8.1/data/enterprise" xmlns:lf="http://v8.1c.ru/8.2/managed-application/logform" xmlns:style="http://v8.1c.ru/8.1/data/ui/style" xmlns:sys="http://v8.1c.ru/8.1/data/ui/fonts/system" xmlns:v8="http://v8.1c.ru/8.1/data/core" xmlns:v8ui="http://v8.1c.ru/8.1/data/ui" xmlns:web="http://v8.1c.ru/8.1/data/ui/colors/web" xmlns:win="http://v8.1c.ru/8.1/data/ui/colors/windows" xmlns:xen="http://v8.1c.ru/8.3/xcf/enums" xmlns:xpr="http://v8.1c.ru/8.3/xcf/predef" xmlns:xr="http://v8.1c.ru/8.3/xcf/readable" xmlns:xs="http://www.w3.org/2001/XMLSchema" xmlns:xsi="http://www.w3.org/2001/XMLSchema-instance" version="2.18">
	<Catalog uuid="8da33568-f14a-4fde-aa98-b06388aca25b">
		<InternalInfo>
			<xr:GeneratedType name="CatalogObject.Пользователи" category="Object">
				<xr:TypeId>bcb9cd74-c153-4609-8654-75714a2cf7fc</xr:TypeId>
				<xr:ValueId>3d64d98e-7bbf-4717-9a95-bd41f1e3f535</xr:ValueId>
			</xr:GeneratedType>
			<xr:GeneratedType name="CatalogRef.Пользователи" category="Ref">
				<xr:TypeId>d8d219eb-3fa4-465e-b2e2-730480011096</xr:TypeId>
				<xr:ValueId>5df50896-b5b4-47fe-b3df-71160a22ce64</xr:ValueId>
			</xr:GeneratedType>
			<xr:GeneratedType name="CatalogSelection.Пользователи" category="Selection">
				<xr:TypeId>1a17748c-4490-4753-a644-0c51a9d22740</xr:TypeId>
				<xr:ValueId>d0c10a86-1a8b-44b1-bb3d-4401d7cb9c75</xr:ValueId>
			</xr:GeneratedType>
			<xr:GeneratedType name="CatalogList.Пользователи" category="List">
				<xr:TypeId>263b46a7-c7de-4ae7-bf6c-59eda0ab6b24</xr:TypeId>
				<xr:ValueId>1b57203a-2755-4d7b-b250-137c3c5f723d</xr:ValueId>
			</xr:GeneratedType>
			<xr:GeneratedType name="CatalogManager.Пользователи" category="Manager">
				<xr:TypeId>5fafdc83-40df-487f-82e3-3f37f4237dd6</xr:TypeId>
				<xr:ValueId>34dc7bce-f03c-4e4d-b47b-addc29fc67b4</xr:ValueId>
			</xr:GeneratedType>
		</InternalInfo>
		<Properties>
			<ObjectBelonging>Adopted</ObjectBelonging>
			<Name>Пользователи</Name>
			<Comment/>
			<ExtendedConfigurationObject>cffbf533-11c6-4206-9b8b-f7355cb63fd8</ExtendedConfigurationObject>
		</Properties>
		<ChildObjects/>
	</Catalog>
</MetaDataObject>