﻿<?xml version="1.0" encoding="UTF-8"?>
<MetaDataObject xmlns="http://v8.1c.ru/8.3/MDClasses" xmlns:app="http://v8.1c.ru/8.2/managed-application/core" xmlns:cfg="http://v8.1c.ru/8.1/data/enterprise/current-config" xmlns:cmi="http://v8.1c.ru/8.2/managed-application/cmi" xmlns:ent="http://v8.1c.ru/8.1/data/enterprise" xmlns:lf="http://v8.1c.ru/8.2/managed-application/logform" xmlns:style="http://v8.1c.ru/8.1/data/ui/style" xmlns:sys="http://v8.1c.ru/8.1/data/ui/fonts/system" xmlns:v8="http://v8.1c.ru/8.1/data/core" xmlns:v8ui="http://v8.1c.ru/8.1/data/ui" xmlns:web="http://v8.1c.ru/8.1/data/ui/colors/web" xmlns:win="http://v8.1c.ru/8.1/data/ui/colors/windows" xmlns:xen="http://v8.1c.ru/8.3/xcf/enums" xmlns:xpr="http://v8.1c.ru/8.3/xcf/predef" xmlns:xr="http://v8.1c.ru/8.3/xcf/readable" xmlns:xs="http://www.w3.org/2001/XMLSchema" xmlns:xsi="http://www.w3.org/2001/XMLSchema-instance" version="2.18">
	<Catalog uuid="7e8b333a-7458-4538-b9de-f929e8ecbd81">
		<InternalInfo>
			<xr:GeneratedType name="CatalogObject.Приоритеты" category="Object">
				<xr:TypeId>59b078d8-0419-472a-832a-c8a21be182b7</xr:TypeId>
				<xr:ValueId>4b4044c0-d988-4375-9f30-4a0f84550c59</xr:ValueId>
			</xr:GeneratedType>
			<xr:GeneratedType name="CatalogRef.Приоритеты" category="Ref">
				<xr:TypeId>d3c27fd1-4add-410d-a5a5-20561bf50317</xr:TypeId>
				<xr:ValueId>8b3f8684-9204-439b-b72a-ecee18e54439</xr:ValueId>
			</xr:GeneratedType>
			<xr:GeneratedType name="CatalogSelection.Приоритеты" category="Selection">
				<xr:TypeId>01239981-b2f6-4015-bc63-91762062e257</xr:TypeId>
				<xr:ValueId>2950f648-f77b-471c-b914-0ea6a5797645</xr:ValueId>
			</xr:GeneratedType>
			<xr:GeneratedType name="CatalogList.Приоритеты" category="List">
				<xr:TypeId>10ec3ba1-e02b-43d6-9b16-ef4cbf22faef</xr:TypeId>
				<xr:ValueId>0e4c511e-e7ec-4cc5-8b31-324e4a22274a</xr:ValueId>
			</xr:GeneratedType>
			<xr:GeneratedType name="CatalogManager.Приоритеты" category="Manager">
				<xr:TypeId>6418c5d9-395e-4424-9bcc-3b928fd0a4e0</xr:TypeId>
				<xr:ValueId>d56a048a-5e74-4562-9a09-002271d1a337</xr:ValueId>
			</xr:GeneratedType>
		</InternalInfo>
		<Properties>
			<ObjectBelonging>Adopted</ObjectBelonging>
			<Name>Приоритеты</Name>
			<Comment/>
			<ExtendedConfigurationObject>9e4f3ca4-37d8-11e3-8b99-0800278af313</ExtendedConfigurationObject>
		</Properties>
		<ChildObjects/>
	</Catalog>
</MetaDataObject>