﻿<?xml version="1.0" encoding="UTF-8"?>
<MetaDataObject xmlns="http://v8.1c.ru/8.3/MDClasses" xmlns:app="http://v8.1c.ru/8.2/managed-application/core" xmlns:cfg="http://v8.1c.ru/8.1/data/enterprise/current-config" xmlns:cmi="http://v8.1c.ru/8.2/managed-application/cmi" xmlns:ent="http://v8.1c.ru/8.1/data/enterprise" xmlns:lf="http://v8.1c.ru/8.2/managed-application/logform" xmlns:style="http://v8.1c.ru/8.1/data/ui/style" xmlns:sys="http://v8.1c.ru/8.1/data/ui/fonts/system" xmlns:v8="http://v8.1c.ru/8.1/data/core" xmlns:v8ui="http://v8.1c.ru/8.1/data/ui" xmlns:web="http://v8.1c.ru/8.1/data/ui/colors/web" xmlns:win="http://v8.1c.ru/8.1/data/ui/colors/windows" xmlns:xen="http://v8.1c.ru/8.3/xcf/enums" xmlns:xpr="http://v8.1c.ru/8.3/xcf/predef" xmlns:xr="http://v8.1c.ru/8.3/xcf/readable" xmlns:xs="http://www.w3.org/2001/XMLSchema" xmlns:xsi="http://www.w3.org/2001/XMLSchema-instance" version="2.18">
	<Catalog uuid="0635f895-5d07-40a9-a659-7ed5c87dcf51">
		<InternalInfo>
			<xr:GeneratedType name="CatalogObject.ПричиныОтменыЗаказовКлиентов" category="Object">
				<xr:TypeId>5bd6ad2f-6ee9-4a06-98dd-6ce952d51773</xr:TypeId>
				<xr:ValueId>13067207-af1d-48df-b682-623712ffe825</xr:ValueId>
			</xr:GeneratedType>
			<xr:GeneratedType name="CatalogRef.ПричиныОтменыЗаказовКлиентов" category="Ref">
				<xr:TypeId>d35f36f1-3483-4cda-90e5-e00b53620c9a</xr:TypeId>
				<xr:ValueId>c1396b9c-54b8-4d27-a805-60da41142d40</xr:ValueId>
			</xr:GeneratedType>
			<xr:GeneratedType name="CatalogSelection.ПричиныОтменыЗаказовКлиентов" category="Selection">
				<xr:TypeId>35071499-0afe-442b-89fb-0fc0acecf490</xr:TypeId>
				<xr:ValueId>4fd52661-5ab5-4aa2-8c44-14af98d49c84</xr:ValueId>
			</xr:GeneratedType>
			<xr:GeneratedType name="CatalogList.ПричиныОтменыЗаказовКлиентов" category="List">
				<xr:TypeId>ed77f874-e4e1-44fc-a30b-dcd123922bbd</xr:TypeId>
				<xr:ValueId>26850feb-3e00-45db-849d-91c80a8d08bf</xr:ValueId>
			</xr:GeneratedType>
			<xr:GeneratedType name="CatalogManager.ПричиныОтменыЗаказовКлиентов" category="Manager">
				<xr:TypeId>37138a23-40f5-4eb8-a9f0-caf00dd316af</xr:TypeId>
				<xr:ValueId>adde5e24-9710-4f6c-821f-dd99a1b52e69</xr:ValueId>
			</xr:GeneratedType>
		</InternalInfo>
		<Properties>
			<ObjectBelonging>Adopted</ObjectBelonging>
			<Name>ПричиныОтменыЗаказовКлиентов</Name>
			<Comment/>
			<ExtendedConfigurationObject>7e89d765-f8bd-4aed-8e4d-980d32da50ff</ExtendedConfigurationObject>
		</Properties>
		<ChildObjects/>
	</Catalog>
</MetaDataObject>