﻿<?xml version="1.0" encoding="UTF-8"?>
<MetaDataObject xmlns="http://v8.1c.ru/8.3/MDClasses" xmlns:app="http://v8.1c.ru/8.2/managed-application/core" xmlns:cfg="http://v8.1c.ru/8.1/data/enterprise/current-config" xmlns:cmi="http://v8.1c.ru/8.2/managed-application/cmi" xmlns:ent="http://v8.1c.ru/8.1/data/enterprise" xmlns:lf="http://v8.1c.ru/8.2/managed-application/logform" xmlns:style="http://v8.1c.ru/8.1/data/ui/style" xmlns:sys="http://v8.1c.ru/8.1/data/ui/fonts/system" xmlns:v8="http://v8.1c.ru/8.1/data/core" xmlns:v8ui="http://v8.1c.ru/8.1/data/ui" xmlns:web="http://v8.1c.ru/8.1/data/ui/colors/web" xmlns:win="http://v8.1c.ru/8.1/data/ui/colors/windows" xmlns:xen="http://v8.1c.ru/8.3/xcf/enums" xmlns:xpr="http://v8.1c.ru/8.3/xcf/predef" xmlns:xr="http://v8.1c.ru/8.3/xcf/readable" xmlns:xs="http://www.w3.org/2001/XMLSchema" xmlns:xsi="http://www.w3.org/2001/XMLSchema-instance" version="2.18">
	<Catalog uuid="54a3b509-4ec1-49ba-845a-5f82400266eb">
		<InternalInfo>
			<xr:GeneratedType name="CatalogObject.СделкиСКлиентами" category="Object">
				<xr:TypeId>227d9df7-440b-4d33-9db6-97de31c7f2cc</xr:TypeId>
				<xr:ValueId>f19353c8-c867-482a-b767-3226b454ed54</xr:ValueId>
			</xr:GeneratedType>
			<xr:GeneratedType name="CatalogRef.СделкиСКлиентами" category="Ref">
				<xr:TypeId>bb29b011-a7f2-472b-ac53-35ee4094845b</xr:TypeId>
				<xr:ValueId>52fc538c-cfe2-417d-b712-808dc3d369ec</xr:ValueId>
			</xr:GeneratedType>
			<xr:GeneratedType name="CatalogSelection.СделкиСКлиентами" category="Selection">
				<xr:TypeId>726ed574-37d8-4b80-9262-e9d35ba126d3</xr:TypeId>
				<xr:ValueId>a14537de-e716-454c-b3f4-d420efbda7bb</xr:ValueId>
			</xr:GeneratedType>
			<xr:GeneratedType name="CatalogList.СделкиСКлиентами" category="List">
				<xr:TypeId>d5564f3d-596e-496b-9c5a-21da50da262d</xr:TypeId>
				<xr:ValueId>196ed308-4981-4858-ab5a-5160aee882f9</xr:ValueId>
			</xr:GeneratedType>
			<xr:GeneratedType name="CatalogManager.СделкиСКлиентами" category="Manager">
				<xr:TypeId>70029d03-0c5a-40d1-882a-ebe6386cb57c</xr:TypeId>
				<xr:ValueId>411f2d25-82ef-4893-addd-932c9806b3d7</xr:ValueId>
			</xr:GeneratedType>
		</InternalInfo>
		<Properties>
			<ObjectBelonging>Adopted</ObjectBelonging>
			<Name>СделкиСКлиентами</Name>
			<Comment/>
			<ExtendedConfigurationObject>63609956-4879-40b2-a6fa-d031906ce6c0</ExtendedConfigurationObject>
		</Properties>
		<ChildObjects/>
	</Catalog>
</MetaDataObject>