﻿<?xml version="1.0" encoding="UTF-8"?>
<MetaDataObject xmlns="http://v8.1c.ru/8.3/MDClasses" xmlns:app="http://v8.1c.ru/8.2/managed-application/core" xmlns:cfg="http://v8.1c.ru/8.1/data/enterprise/current-config" xmlns:cmi="http://v8.1c.ru/8.2/managed-application/cmi" xmlns:ent="http://v8.1c.ru/8.1/data/enterprise" xmlns:lf="http://v8.1c.ru/8.2/managed-application/logform" xmlns:style="http://v8.1c.ru/8.1/data/ui/style" xmlns:sys="http://v8.1c.ru/8.1/data/ui/fonts/system" xmlns:v8="http://v8.1c.ru/8.1/data/core" xmlns:v8ui="http://v8.1c.ru/8.1/data/ui" xmlns:web="http://v8.1c.ru/8.1/data/ui/colors/web" xmlns:win="http://v8.1c.ru/8.1/data/ui/colors/windows" xmlns:xen="http://v8.1c.ru/8.3/xcf/enums" xmlns:xpr="http://v8.1c.ru/8.3/xcf/predef" xmlns:xr="http://v8.1c.ru/8.3/xcf/readable" xmlns:xs="http://www.w3.org/2001/XMLSchema" xmlns:xsi="http://www.w3.org/2001/XMLSchema-instance" version="2.18">
	<Catalog uuid="65dc79e2-b625-4db6-a765-2854e8aee181">
		<InternalInfo>
			<xr:GeneratedType name="CatalogObject.СерииНоменклатуры" category="Object">
				<xr:TypeId>7c62303d-70fe-4c3a-ab45-1bc1eb4dfe3b</xr:TypeId>
				<xr:ValueId>17ffc846-e608-42aa-ad54-c46aeecd14d2</xr:ValueId>
			</xr:GeneratedType>
			<xr:GeneratedType name="CatalogRef.СерииНоменклатуры" category="Ref">
				<xr:TypeId>f838240e-05b5-4e4c-afb2-b260370b1676</xr:TypeId>
				<xr:ValueId>fda4afe4-97da-428f-84d7-8a687c137371</xr:ValueId>
			</xr:GeneratedType>
			<xr:GeneratedType name="CatalogSelection.СерииНоменклатуры" category="Selection">
				<xr:TypeId>6ce345fc-d6f5-4fc3-a3aa-33072eb69656</xr:TypeId>
				<xr:ValueId>9d288b30-b92e-4753-a42d-1c6060c6ad20</xr:ValueId>
			</xr:GeneratedType>
			<xr:GeneratedType name="CatalogList.СерииНоменклатуры" category="List">
				<xr:TypeId>2997e521-cbbc-4ef3-8262-ea907a4433ef</xr:TypeId>
				<xr:ValueId>7f1ee59c-b5f1-483a-88ad-6536fbe3677c</xr:ValueId>
			</xr:GeneratedType>
			<xr:GeneratedType name="CatalogManager.СерииНоменклатуры" category="Manager">
				<xr:TypeId>df57615e-7595-47d4-ba09-6091ccfd1a32</xr:TypeId>
				<xr:ValueId>972f94fc-8f04-4351-8764-c33a2d3e90e2</xr:ValueId>
			</xr:GeneratedType>
		</InternalInfo>
		<Properties>
			<ObjectBelonging>Adopted</ObjectBelonging>
			<Name>СерииНоменклатуры</Name>
			<Comment/>
			<ExtendedConfigurationObject>8965f225-afbc-4ff7-ac96-b5f31f39e808</ExtendedConfigurationObject>
		</Properties>
		<ChildObjects/>
	</Catalog>
</MetaDataObject>