﻿<?xml version="1.0" encoding="UTF-8"?>
<MetaDataObject xmlns="http://v8.1c.ru/8.3/MDClasses" xmlns:app="http://v8.1c.ru/8.2/managed-application/core" xmlns:cfg="http://v8.1c.ru/8.1/data/enterprise/current-config" xmlns:cmi="http://v8.1c.ru/8.2/managed-application/cmi" xmlns:ent="http://v8.1c.ru/8.1/data/enterprise" xmlns:lf="http://v8.1c.ru/8.2/managed-application/logform" xmlns:style="http://v8.1c.ru/8.1/data/ui/style" xmlns:sys="http://v8.1c.ru/8.1/data/ui/fonts/system" xmlns:v8="http://v8.1c.ru/8.1/data/core" xmlns:v8ui="http://v8.1c.ru/8.1/data/ui" xmlns:web="http://v8.1c.ru/8.1/data/ui/colors/web" xmlns:win="http://v8.1c.ru/8.1/data/ui/colors/windows" xmlns:xen="http://v8.1c.ru/8.3/xcf/enums" xmlns:xpr="http://v8.1c.ru/8.3/xcf/predef" xmlns:xr="http://v8.1c.ru/8.3/xcf/readable" xmlns:xs="http://www.w3.org/2001/XMLSchema" xmlns:xsi="http://www.w3.org/2001/XMLSchema-instance" version="2.18">
	<Catalog uuid="68e90755-1fa3-4626-9478-2e71c436ce9e">
		<InternalInfo>
			<xr:GeneratedType name="CatalogObject.Склады" category="Object">
				<xr:TypeId>26e0d4b9-a8fa-4ecd-ac2d-78b50d75dfa1</xr:TypeId>
				<xr:ValueId>09a0b4c5-b074-4fb7-9ae6-5ddb6f4d9b3f</xr:ValueId>
			</xr:GeneratedType>
			<xr:GeneratedType name="CatalogRef.Склады" category="Ref">
				<xr:TypeId>0aadf19a-d27b-408b-887e-e243c4e0fdcf</xr:TypeId>
				<xr:ValueId>f9bc4a22-9ef6-4e2c-b525-83560ad9362c</xr:ValueId>
			</xr:GeneratedType>
			<xr:GeneratedType name="CatalogSelection.Склады" category="Selection">
				<xr:TypeId>e16ce510-0223-48aa-adc6-12eb142fa570</xr:TypeId>
				<xr:ValueId>a1c50e15-dd0e-4f12-93ce-13d1fe581955</xr:ValueId>
			</xr:GeneratedType>
			<xr:GeneratedType name="CatalogList.Склады" category="List">
				<xr:TypeId>4c6185c4-b8b7-4312-8f06-47e077d88336</xr:TypeId>
				<xr:ValueId>e92f9abe-3360-43cc-8ef8-6814c56c0fd0</xr:ValueId>
			</xr:GeneratedType>
			<xr:GeneratedType name="CatalogManager.Склады" category="Manager">
				<xr:TypeId>891de225-951d-4865-a4cd-5810610dde1e</xr:TypeId>
				<xr:ValueId>b89c42d6-1532-4881-b538-022282c39541</xr:ValueId>
			</xr:GeneratedType>
		</InternalInfo>
		<Properties>
			<ObjectBelonging>Adopted</ObjectBelonging>
			<Name>Склады</Name>
			<Comment/>
			<ExtendedConfigurationObject>07b3c407-9a3a-4f94-b798-226c96d66840</ExtendedConfigurationObject>
		</Properties>
		<ChildObjects/>
	</Catalog>
</MetaDataObject>