﻿<?xml version="1.0" encoding="UTF-8"?>
<MetaDataObject xmlns="http://v8.1c.ru/8.3/MDClasses" xmlns:app="http://v8.1c.ru/8.2/managed-application/core" xmlns:cfg="http://v8.1c.ru/8.1/data/enterprise/current-config" xmlns:cmi="http://v8.1c.ru/8.2/managed-application/cmi" xmlns:ent="http://v8.1c.ru/8.1/data/enterprise" xmlns:lf="http://v8.1c.ru/8.2/managed-application/logform" xmlns:style="http://v8.1c.ru/8.1/data/ui/style" xmlns:sys="http://v8.1c.ru/8.1/data/ui/fonts/system" xmlns:v8="http://v8.1c.ru/8.1/data/core" xmlns:v8ui="http://v8.1c.ru/8.1/data/ui" xmlns:web="http://v8.1c.ru/8.1/data/ui/colors/web" xmlns:win="http://v8.1c.ru/8.1/data/ui/colors/windows" xmlns:xen="http://v8.1c.ru/8.3/xcf/enums" xmlns:xpr="http://v8.1c.ru/8.3/xcf/predef" xmlns:xr="http://v8.1c.ru/8.3/xcf/readable" xmlns:xs="http://www.w3.org/2001/XMLSchema" xmlns:xsi="http://www.w3.org/2001/XMLSchema-instance" version="2.18">
	<Catalog uuid="b4ae6359-9685-48e1-86cd-be4ee38b238d">
		<InternalInfo>
			<xr:GeneratedType name="CatalogObject.СоглашенияСКлиентами" category="Object">
				<xr:TypeId>3a455a47-8abe-46fd-bf42-2b0dd1bf484d</xr:TypeId>
				<xr:ValueId>9c1ad42b-37c3-44ed-94ed-c80da39c28b8</xr:ValueId>
			</xr:GeneratedType>
			<xr:GeneratedType name="CatalogRef.СоглашенияСКлиентами" category="Ref">
				<xr:TypeId>60e82ebe-3706-48f4-8187-2421c3b631fc</xr:TypeId>
				<xr:ValueId>479abc77-67ae-4fb4-a87f-202ba1a64ffa</xr:ValueId>
			</xr:GeneratedType>
			<xr:GeneratedType name="CatalogSelection.СоглашенияСКлиентами" category="Selection">
				<xr:TypeId>83364908-3fc4-4a0e-853d-a46a62b621a9</xr:TypeId>
				<xr:ValueId>ae2d5a72-a090-4580-9839-7731c72b0e4a</xr:ValueId>
			</xr:GeneratedType>
			<xr:GeneratedType name="CatalogList.СоглашенияСКлиентами" category="List">
				<xr:TypeId>a973d0ab-cfd9-4911-a77f-144b38b353da</xr:TypeId>
				<xr:ValueId>66feb01b-0615-42bf-a6ad-6de4e32f631e</xr:ValueId>
			</xr:GeneratedType>
			<xr:GeneratedType name="CatalogManager.СоглашенияСКлиентами" category="Manager">
				<xr:TypeId>5ff116af-acdb-4e60-999b-3261be5b95fb</xr:TypeId>
				<xr:ValueId>09341c9c-cf0e-4cc3-979f-43e4637be6c8</xr:ValueId>
			</xr:GeneratedType>
		</InternalInfo>
		<Properties>
			<ObjectBelonging>Adopted</ObjectBelonging>
			<Name>СоглашенияСКлиентами</Name>
			<Comment/>
			<ExtendedConfigurationObject>2bb5c12e-1217-4c8d-ae01-3a6253cfe429</ExtendedConfigurationObject>
		</Properties>
		<ChildObjects/>
	</Catalog>
</MetaDataObject>