﻿<?xml version="1.0" encoding="UTF-8"?>
<MetaDataObject xmlns="http://v8.1c.ru/8.3/MDClasses" xmlns:app="http://v8.1c.ru/8.2/managed-application/core" xmlns:cfg="http://v8.1c.ru/8.1/data/enterprise/current-config" xmlns:cmi="http://v8.1c.ru/8.2/managed-application/cmi" xmlns:ent="http://v8.1c.ru/8.1/data/enterprise" xmlns:lf="http://v8.1c.ru/8.2/managed-application/logform" xmlns:style="http://v8.1c.ru/8.1/data/ui/style" xmlns:sys="http://v8.1c.ru/8.1/data/ui/fonts/system" xmlns:v8="http://v8.1c.ru/8.1/data/core" xmlns:v8ui="http://v8.1c.ru/8.1/data/ui" xmlns:web="http://v8.1c.ru/8.1/data/ui/colors/web" xmlns:win="http://v8.1c.ru/8.1/data/ui/colors/windows" xmlns:xen="http://v8.1c.ru/8.3/xcf/enums" xmlns:xpr="http://v8.1c.ru/8.3/xcf/predef" xmlns:xr="http://v8.1c.ru/8.3/xcf/readable" xmlns:xs="http://www.w3.org/2001/XMLSchema" xmlns:xsi="http://www.w3.org/2001/XMLSchema-instance" version="2.18">
	<Catalog uuid="4aa78477-b57f-456e-bb4d-b9d5a38ab627">
		<InternalInfo>
			<xr:GeneratedType name="CatalogObject.СтавкиНДС" category="Object">
				<xr:TypeId>100dbfa0-398d-4a12-9e9d-8a6ab0915693</xr:TypeId>
				<xr:ValueId>a5b7c0bf-d4e2-44fa-b53f-abad6d045bd4</xr:ValueId>
			</xr:GeneratedType>
			<xr:GeneratedType name="CatalogRef.СтавкиНДС" category="Ref">
				<xr:TypeId>dea4b8e3-faa3-4e70-bf16-23da3a063cd7</xr:TypeId>
				<xr:ValueId>b5a4499f-0b20-47ae-b61d-29072399e915</xr:ValueId>
			</xr:GeneratedType>
			<xr:GeneratedType name="CatalogSelection.СтавкиНДС" category="Selection">
				<xr:TypeId>f3af282b-e434-47e0-aaaf-927304e1eef2</xr:TypeId>
				<xr:ValueId>27e09ed3-b605-4fcc-870b-be695cf05e45</xr:ValueId>
			</xr:GeneratedType>
			<xr:GeneratedType name="CatalogList.СтавкиНДС" category="List">
				<xr:TypeId>4269a35f-7596-4db9-8bc8-64aa0bf3a939</xr:TypeId>
				<xr:ValueId>df22d1ef-8ca3-4768-a3f6-471f6a25406d</xr:ValueId>
			</xr:GeneratedType>
			<xr:GeneratedType name="CatalogManager.СтавкиНДС" category="Manager">
				<xr:TypeId>79a23f7a-2758-4437-bf1d-27efb9280415</xr:TypeId>
				<xr:ValueId>ddc3a57a-4aca-4eb8-bcfd-60b18e1823f7</xr:ValueId>
			</xr:GeneratedType>
		</InternalInfo>
		<Properties>
			<ObjectBelonging>Adopted</ObjectBelonging>
			<Name>СтавкиНДС</Name>
			<Comment/>
			<ExtendedConfigurationObject>c5ecf75c-face-47dc-af39-22056a5212f4</ExtendedConfigurationObject>
		</Properties>
		<ChildObjects/>
	</Catalog>
</MetaDataObject>