﻿<?xml version="1.0" encoding="UTF-8"?>
<MetaDataObject xmlns="http://v8.1c.ru/8.3/MDClasses" xmlns:app="http://v8.1c.ru/8.2/managed-application/core" xmlns:cfg="http://v8.1c.ru/8.1/data/enterprise/current-config" xmlns:cmi="http://v8.1c.ru/8.2/managed-application/cmi" xmlns:ent="http://v8.1c.ru/8.1/data/enterprise" xmlns:lf="http://v8.1c.ru/8.2/managed-application/logform" xmlns:style="http://v8.1c.ru/8.1/data/ui/style" xmlns:sys="http://v8.1c.ru/8.1/data/ui/fonts/system" xmlns:v8="http://v8.1c.ru/8.1/data/core" xmlns:v8ui="http://v8.1c.ru/8.1/data/ui" xmlns:web="http://v8.1c.ru/8.1/data/ui/colors/web" xmlns:win="http://v8.1c.ru/8.1/data/ui/colors/windows" xmlns:xen="http://v8.1c.ru/8.3/xcf/enums" xmlns:xpr="http://v8.1c.ru/8.3/xcf/predef" xmlns:xr="http://v8.1c.ru/8.3/xcf/readable" xmlns:xs="http://www.w3.org/2001/XMLSchema" xmlns:xsi="http://www.w3.org/2001/XMLSchema-instance" version="2.18">
	<Catalog uuid="3d74da96-32e3-4e27-9316-48510b431a65">
		<InternalInfo>
			<xr:GeneratedType name="CatalogObject.СтруктураПредприятия" category="Object">
				<xr:TypeId>2a2bf497-403a-4d96-b796-066dff88364a</xr:TypeId>
				<xr:ValueId>4bcb875f-c382-4706-971b-88965ddfcba3</xr:ValueId>
			</xr:GeneratedType>
			<xr:GeneratedType name="CatalogRef.СтруктураПредприятия" category="Ref">
				<xr:TypeId>ecd6666c-a7af-4d93-b6ce-176389a040ff</xr:TypeId>
				<xr:ValueId>06faa0e0-767d-4cb3-bef4-58e743f62776</xr:ValueId>
			</xr:GeneratedType>
			<xr:GeneratedType name="CatalogSelection.СтруктураПредприятия" category="Selection">
				<xr:TypeId>dc9e6a9b-dcc4-46c9-92ce-113a18268782</xr:TypeId>
				<xr:ValueId>836ed77c-f75a-4ea0-bbcf-520f1c36a1de</xr:ValueId>
			</xr:GeneratedType>
			<xr:GeneratedType name="CatalogList.СтруктураПредприятия" category="List">
				<xr:TypeId>dbb32fa6-e7e9-4fff-bed1-d15df2f5756b</xr:TypeId>
				<xr:ValueId>9fba3417-6e92-482b-b0eb-a49a9738766c</xr:ValueId>
			</xr:GeneratedType>
			<xr:GeneratedType name="CatalogManager.СтруктураПредприятия" category="Manager">
				<xr:TypeId>65c4cb11-b50d-46fb-bdca-af83819dadad</xr:TypeId>
				<xr:ValueId>497203cc-c6e2-4ba0-90c1-3987564ae117</xr:ValueId>
			</xr:GeneratedType>
		</InternalInfo>
		<Properties>
			<ObjectBelonging>Adopted</ObjectBelonging>
			<Name>СтруктураПредприятия</Name>
			<Comment/>
			<ExtendedConfigurationObject>2914af3c-ad8f-4719-8871-98d1a256b3fb</ExtendedConfigurationObject>
		</Properties>
		<ChildObjects/>
	</Catalog>
</MetaDataObject>