﻿<?xml version="1.0" encoding="UTF-8"?>
<MetaDataObject xmlns="http://v8.1c.ru/8.3/MDClasses" xmlns:app="http://v8.1c.ru/8.2/managed-application/core" xmlns:cfg="http://v8.1c.ru/8.1/data/enterprise/current-config" xmlns:cmi="http://v8.1c.ru/8.2/managed-application/cmi" xmlns:ent="http://v8.1c.ru/8.1/data/enterprise" xmlns:lf="http://v8.1c.ru/8.2/managed-application/logform" xmlns:style="http://v8.1c.ru/8.1/data/ui/style" xmlns:sys="http://v8.1c.ru/8.1/data/ui/fonts/system" xmlns:v8="http://v8.1c.ru/8.1/data/core" xmlns:v8ui="http://v8.1c.ru/8.1/data/ui" xmlns:web="http://v8.1c.ru/8.1/data/ui/colors/web" xmlns:win="http://v8.1c.ru/8.1/data/ui/colors/windows" xmlns:xen="http://v8.1c.ru/8.3/xcf/enums" xmlns:xpr="http://v8.1c.ru/8.3/xcf/predef" xmlns:xr="http://v8.1c.ru/8.3/xcf/readable" xmlns:xs="http://www.w3.org/2001/XMLSchema" xmlns:xsi="http://www.w3.org/2001/XMLSchema-instance" version="2.18">
	<Catalog uuid="c8304a51-a9e4-4dbd-bf94-84c738ac9a79">
		<InternalInfo>
			<xr:GeneratedType name="CatalogObject.СтраныМира" category="Object">
				<xr:TypeId>0192e2ed-79e9-4d1b-8796-f0b448bd0487</xr:TypeId>
				<xr:ValueId>664ed057-43d4-42bb-9cf0-8b6283160998</xr:ValueId>
			</xr:GeneratedType>
			<xr:GeneratedType name="CatalogRef.СтраныМира" category="Ref">
				<xr:TypeId>00082885-e885-4d00-a55d-080410d6ea2f</xr:TypeId>
				<xr:ValueId>f2dc9096-6d13-4a86-807d-120d6390ead8</xr:ValueId>
			</xr:GeneratedType>
			<xr:GeneratedType name="CatalogSelection.СтраныМира" category="Selection">
				<xr:TypeId>1da88254-c1c0-4029-a447-577be81c6663</xr:TypeId>
				<xr:ValueId>2e592783-84ff-4274-8968-f3538b1d1145</xr:ValueId>
			</xr:GeneratedType>
			<xr:GeneratedType name="CatalogList.СтраныМира" category="List">
				<xr:TypeId>ad2b504a-7688-4474-8725-bfe3562f80b5</xr:TypeId>
				<xr:ValueId>3d0ccdef-fc48-4534-86ee-50ab37104afe</xr:ValueId>
			</xr:GeneratedType>
			<xr:GeneratedType name="CatalogManager.СтраныМира" category="Manager">
				<xr:TypeId>06a0f0a3-1244-4f9d-8ba6-59d805df6e36</xr:TypeId>
				<xr:ValueId>42128559-8074-4d1c-a765-cc7064f83852</xr:ValueId>
			</xr:GeneratedType>
		</InternalInfo>
		<Properties>
			<ObjectBelonging>Adopted</ObjectBelonging>
			<Name>СтраныМира</Name>
			<Comment/>
			<ExtendedConfigurationObject>794f5fb5-3b8f-4f45-9250-7a3b9d1db383</ExtendedConfigurationObject>
		</Properties>
		<ChildObjects/>
	</Catalog>
</MetaDataObject>