﻿<?xml version="1.0" encoding="UTF-8"?>
<MetaDataObject xmlns="http://v8.1c.ru/8.3/MDClasses" xmlns:app="http://v8.1c.ru/8.2/managed-application/core" xmlns:cfg="http://v8.1c.ru/8.1/data/enterprise/current-config" xmlns:cmi="http://v8.1c.ru/8.2/managed-application/cmi" xmlns:ent="http://v8.1c.ru/8.1/data/enterprise" xmlns:lf="http://v8.1c.ru/8.2/managed-application/logform" xmlns:style="http://v8.1c.ru/8.1/data/ui/style" xmlns:sys="http://v8.1c.ru/8.1/data/ui/fonts/system" xmlns:v8="http://v8.1c.ru/8.1/data/core" xmlns:v8ui="http://v8.1c.ru/8.1/data/ui" xmlns:web="http://v8.1c.ru/8.1/data/ui/colors/web" xmlns:win="http://v8.1c.ru/8.1/data/ui/colors/windows" xmlns:xen="http://v8.1c.ru/8.3/xcf/enums" xmlns:xpr="http://v8.1c.ru/8.3/xcf/predef" xmlns:xr="http://v8.1c.ru/8.3/xcf/readable" xmlns:xs="http://www.w3.org/2001/XMLSchema" xmlns:xsi="http://www.w3.org/2001/XMLSchema-instance" version="2.18">
	<Catalog uuid="2c079515-aaff-40d2-9c12-3ccb5fac97ff">
		<InternalInfo>
			<xr:GeneratedType name="CatalogObject.УпаковкиЕдиницыИзмерения" category="Object">
				<xr:TypeId>fad994b3-3e9f-4d2b-9887-8f8df33b57fc</xr:TypeId>
				<xr:ValueId>fa50aa0d-87db-4038-bea3-89e38e4caa80</xr:ValueId>
			</xr:GeneratedType>
			<xr:GeneratedType name="CatalogRef.УпаковкиЕдиницыИзмерения" category="Ref">
				<xr:TypeId>c93196cb-80ee-4ca8-aa52-e0a72c88e82c</xr:TypeId>
				<xr:ValueId>ab46e76c-3fd4-4567-8008-6d9959880e9b</xr:ValueId>
			</xr:GeneratedType>
			<xr:GeneratedType name="CatalogSelection.УпаковкиЕдиницыИзмерения" category="Selection">
				<xr:TypeId>0dd59463-4213-4db4-b483-c3d4c0760f18</xr:TypeId>
				<xr:ValueId>c818871a-9c05-40d8-aba2-b098c9cb0faa</xr:ValueId>
			</xr:GeneratedType>
			<xr:GeneratedType name="CatalogList.УпаковкиЕдиницыИзмерения" category="List">
				<xr:TypeId>9728187b-595a-4569-86b4-e9b1c2dea48a</xr:TypeId>
				<xr:ValueId>b8df3aee-2412-4978-8e6c-f2987d70a04f</xr:ValueId>
			</xr:GeneratedType>
			<xr:GeneratedType name="CatalogManager.УпаковкиЕдиницыИзмерения" category="Manager">
				<xr:TypeId>d55634ca-129c-4219-8f29-d339d6e16228</xr:TypeId>
				<xr:ValueId>8605f132-334b-4f35-995e-e05c4c2789c0</xr:ValueId>
			</xr:GeneratedType>
		</InternalInfo>
		<Properties>
			<ObjectBelonging>Adopted</ObjectBelonging>
			<Name>УпаковкиЕдиницыИзмерения</Name>
			<Comment/>
			<ExtendedConfigurationObject>c9cda7a7-da6f-4830-800a-70e77e3f6e9d</ExtendedConfigurationObject>
		</Properties>
		<ChildObjects/>
	</Catalog>
</MetaDataObject>