﻿<?xml version="1.0" encoding="UTF-8"?>
<MetaDataObject xmlns="http://v8.1c.ru/8.3/MDClasses" xmlns:app="http://v8.1c.ru/8.2/managed-application/core" xmlns:cfg="http://v8.1c.ru/8.1/data/enterprise/current-config" xmlns:cmi="http://v8.1c.ru/8.2/managed-application/cmi" xmlns:ent="http://v8.1c.ru/8.1/data/enterprise" xmlns:lf="http://v8.1c.ru/8.2/managed-application/logform" xmlns:style="http://v8.1c.ru/8.1/data/ui/style" xmlns:sys="http://v8.1c.ru/8.1/data/ui/fonts/system" xmlns:v8="http://v8.1c.ru/8.1/data/core" xmlns:v8ui="http://v8.1c.ru/8.1/data/ui" xmlns:web="http://v8.1c.ru/8.1/data/ui/colors/web" xmlns:win="http://v8.1c.ru/8.1/data/ui/colors/windows" xmlns:xen="http://v8.1c.ru/8.3/xcf/enums" xmlns:xpr="http://v8.1c.ru/8.3/xcf/predef" xmlns:xr="http://v8.1c.ru/8.3/xcf/readable" xmlns:xs="http://www.w3.org/2001/XMLSchema" xmlns:xsi="http://www.w3.org/2001/XMLSchema-instance" version="2.18">
	<Catalog uuid="1ddb4b46-6ab3-4460-bf0d-1bca5f91d547">
		<InternalInfo>
			<xr:GeneratedType name="CatalogObject.ФизическиеЛица" category="Object">
				<xr:TypeId>2fc85d1b-33c3-4bb0-a0b1-30a0363b9eae</xr:TypeId>
				<xr:ValueId>578a0c03-b11b-4657-a336-b0e1577ae9b4</xr:ValueId>
			</xr:GeneratedType>
			<xr:GeneratedType name="CatalogRef.ФизическиеЛица" category="Ref">
				<xr:TypeId>188cf7e9-d654-406f-b9d6-ef9d77129c5e</xr:TypeId>
				<xr:ValueId>860f4de6-45f5-414e-8369-a7b009a0774c</xr:ValueId>
			</xr:GeneratedType>
			<xr:GeneratedType name="CatalogSelection.ФизическиеЛица" category="Selection">
				<xr:TypeId>11c4e2d3-08e8-41ca-9d47-f1d70cd00416</xr:TypeId>
				<xr:ValueId>cb1dcde3-3aff-48c5-a7fd-c8fac936bc45</xr:ValueId>
			</xr:GeneratedType>
			<xr:GeneratedType name="CatalogList.ФизическиеЛица" category="List">
				<xr:TypeId>6d975990-651d-479d-af31-2e78f8f1ce8b</xr:TypeId>
				<xr:ValueId>2cde8f37-2ba0-4a00-a655-9cc9f9e94f3c</xr:ValueId>
			</xr:GeneratedType>
			<xr:GeneratedType name="CatalogManager.ФизическиеЛица" category="Manager">
				<xr:TypeId>a3446e83-bf5a-4c3c-8ba1-f212dfdcd4b2</xr:TypeId>
				<xr:ValueId>d2123332-09ee-4cd3-8ec4-6d3a0498dc68</xr:ValueId>
			</xr:GeneratedType>
		</InternalInfo>
		<Properties>
			<ObjectBelonging>Adopted</ObjectBelonging>
			<Name>ФизическиеЛица</Name>
			<Comment/>
			<ExtendedConfigurationObject>92d7cba0-7873-47d5-9b94-61cc91a45609</ExtendedConfigurationObject>
		</Properties>
		<ChildObjects/>
	</Catalog>
</MetaDataObject>