﻿<?xml version="1.0" encoding="UTF-8"?>
<MetaDataObject xmlns="http://v8.1c.ru/8.3/MDClasses" xmlns:app="http://v8.1c.ru/8.2/managed-application/core" xmlns:cfg="http://v8.1c.ru/8.1/data/enterprise/current-config" xmlns:cmi="http://v8.1c.ru/8.2/managed-application/cmi" xmlns:ent="http://v8.1c.ru/8.1/data/enterprise" xmlns:lf="http://v8.1c.ru/8.2/managed-application/logform" xmlns:style="http://v8.1c.ru/8.1/data/ui/style" xmlns:sys="http://v8.1c.ru/8.1/data/ui/fonts/system" xmlns:v8="http://v8.1c.ru/8.1/data/core" xmlns:v8ui="http://v8.1c.ru/8.1/data/ui" xmlns:web="http://v8.1c.ru/8.1/data/ui/colors/web" xmlns:win="http://v8.1c.ru/8.1/data/ui/colors/windows" xmlns:xen="http://v8.1c.ru/8.3/xcf/enums" xmlns:xpr="http://v8.1c.ru/8.3/xcf/predef" xmlns:xr="http://v8.1c.ru/8.3/xcf/readable" xmlns:xs="http://www.w3.org/2001/XMLSchema" xmlns:xsi="http://www.w3.org/2001/XMLSchema-instance" version="2.18">
	<Catalog uuid="3f9fd5c0-ffe8-4dd8-82ef-308bb539cf44">
		<InternalInfo>
			<xr:GeneratedType name="CatalogObject.ХарактеристикиНоменклатуры" category="Object">
				<xr:TypeId>299bbbcf-1687-491a-b6df-a006429ff4a5</xr:TypeId>
				<xr:ValueId>5794e0a3-8707-45a8-85aa-6e1722bb1aad</xr:ValueId>
			</xr:GeneratedType>
			<xr:GeneratedType name="CatalogRef.ХарактеристикиНоменклатуры" category="Ref">
				<xr:TypeId>1d19dce9-a743-4c83-9115-cdf8a80a08f8</xr:TypeId>
				<xr:ValueId>8461bf2b-8262-4a3f-9ec5-c58cb30292f8</xr:ValueId>
			</xr:GeneratedType>
			<xr:GeneratedType name="CatalogSelection.ХарактеристикиНоменклатуры" category="Selection">
				<xr:TypeId>09911234-41f7-47ba-9d11-e8464dec8ebc</xr:TypeId>
				<xr:ValueId>2fc4fba4-d361-43f0-9d70-9bddf9c3bc97</xr:ValueId>
			</xr:GeneratedType>
			<xr:GeneratedType name="CatalogList.ХарактеристикиНоменклатуры" category="List">
				<xr:TypeId>ddce4812-3181-460e-8402-b8c36c63f452</xr:TypeId>
				<xr:ValueId>f5eaf3b8-c320-40e9-b951-61121d776796</xr:ValueId>
			</xr:GeneratedType>
			<xr:GeneratedType name="CatalogManager.ХарактеристикиНоменклатуры" category="Manager">
				<xr:TypeId>7429a419-46e8-44b6-8d92-2746a0dfac33</xr:TypeId>
				<xr:ValueId>c4651aff-77dd-4b00-8c31-d4d96d6c3629</xr:ValueId>
			</xr:GeneratedType>
		</InternalInfo>
		<Properties>
			<ObjectBelonging>Adopted</ObjectBelonging>
			<Name>ХарактеристикиНоменклатуры</Name>
			<Comment/>
			<ExtendedConfigurationObject>5a8b11e6-8638-458b-b52c-cc33fe97d255</ExtendedConfigurationObject>
		</Properties>
		<ChildObjects/>
	</Catalog>
</MetaDataObject>