﻿<?xml version="1.0" encoding="UTF-8"?>
<MetaDataObject xmlns="http://v8.1c.ru/8.3/MDClasses" xmlns:app="http://v8.1c.ru/8.2/managed-application/core" xmlns:cfg="http://v8.1c.ru/8.1/data/enterprise/current-config" xmlns:cmi="http://v8.1c.ru/8.2/managed-application/cmi" xmlns:ent="http://v8.1c.ru/8.1/data/enterprise" xmlns:lf="http://v8.1c.ru/8.2/managed-application/logform" xmlns:style="http://v8.1c.ru/8.1/data/ui/style" xmlns:sys="http://v8.1c.ru/8.1/data/ui/fonts/system" xmlns:v8="http://v8.1c.ru/8.1/data/core" xmlns:v8ui="http://v8.1c.ru/8.1/data/ui" xmlns:web="http://v8.1c.ru/8.1/data/ui/colors/web" xmlns:win="http://v8.1c.ru/8.1/data/ui/colors/windows" xmlns:xen="http://v8.1c.ru/8.3/xcf/enums" xmlns:xpr="http://v8.1c.ru/8.3/xcf/predef" xmlns:xr="http://v8.1c.ru/8.3/xcf/readable" xmlns:xs="http://www.w3.org/2001/XMLSchema" xmlns:xsi="http://www.w3.org/2001/XMLSchema-instance" version="2.20">
	<Document uuid="450fdb89-f6c5-44cc-b28e-477e49c8edf3">
		<InternalInfo>
			<xr:GeneratedType name="DocumentObject.ЗаказКлиента" category="Object">
				<xr:TypeId>a3977c03-b49e-4e40-b679-419ac0eef5fb</xr:TypeId>
				<xr:ValueId>5bd052e8-4fcb-49f3-8f7f-5db592e89a18</xr:ValueId>
			</xr:GeneratedType>
			<xr:GeneratedType name="DocumentRef.ЗаказКлиента" category="Ref">
				<xr:TypeId>e2e43d0b-dfce-426b-886b-c3eb6f4c79c5</xr:TypeId>
				<xr:ValueId>bea391ce-28bd-4771-afab-4f0165395e57</xr:ValueId>
			</xr:GeneratedType>
			<xr:GeneratedType name="DocumentSelection.ЗаказКлиента" category="Selection">
				<xr:TypeId>90eaed7b-b33e-4715-822d-141ff728a131</xr:TypeId>
				<xr:ValueId>6f998d31-eb75-4191-949c-8728c1e3e8c7</xr:ValueId>
			</xr:GeneratedType>
			<xr:GeneratedType name="DocumentList.ЗаказКлиента" category="List">
				<xr:TypeId>489bbbc2-f96d-4e67-8942-288fae5ca968</xr:TypeId>
				<xr:ValueId>d6d5d51c-8e20-4165-992f-ea3f1059c3fc</xr:ValueId>
			</xr:GeneratedType>
			<xr:GeneratedType name="DocumentManager.ЗаказКлиента" category="Manager">
				<xr:TypeId>87740e0d-cbc1-4eed-8dc3-2d49ef586193</xr:TypeId>
				<xr:ValueId>8db78224-b529-49fb-b6bb-60e3b9b56aa3</xr:ValueId>
			</xr:GeneratedType>
		</InternalInfo>
		<Properties>
			<ObjectBelonging>Adopted</ObjectBelonging>
			<Name>ЗаказКлиента</Name>
			<Comment/>
			<ExtendedConfigurationObject>1ceef4a2-6b58-45a0-8a75-bb6e3004590f</ExtendedConfigurationObject>
			<NumberType>String</NumberType>
			<NumberLength>11</NumberLength>
			<NumberAllowedLength>Fixed</NumberAllowedLength>
			<RegisterRecords/>
		</Properties>
		<ChildObjects>
			<Attribute uuid="cd0bb252-1c47-45e8-8c64-0e1bbf13906d">
				<InternalInfo/>
				<Properties>
					<ObjectBelonging>Adopted</ObjectBelonging>
					<Name>Контрагент</Name>
					<Comment/>
					<ExtendedConfigurationObject>3d68151c-a9dd-450f-8139-3be6ac926f58</ExtendedConfigurationObject>
					<Type>
						<v8:Type>cfg:CatalogRef.Контрагенты</v8:Type>
					</Type>
				</Properties>
			</Attribute>
			<Attribute uuid="0d751e06-5f36-483c-899c-a8728939fd66">
				<InternalInfo/>
				<Properties>
					<ObjectBelonging>Adopted</ObjectBelonging>
					<Name>Соглашение</Name>
					<Comment/>
					<ExtendedConfigurationObject>3c728d38-3039-41f6-b288-2b92f32630c3</ExtendedConfigurationObject>
					<Type>
						<v8:Type>cfg:CatalogRef.СоглашенияСКлиентами</v8:Type>
					</Type>
				</Properties>
			</Attribute>
			<Attribute uuid="e02602e1-0672-49ae-8fcd-8c468dda201b">
				<InternalInfo/>
				<Properties>
					<ObjectBelonging>Adopted</ObjectBelonging>
					<Name>Организация</Name>
					<Comment/>
					<ExtendedConfigurationObject>c683aebd-f890-44bb-bbe3-b67f7e95b55b</ExtendedConfigurationObject>
					<Type>
						<v8:Type>cfg:CatalogRef.Организации</v8:Type>
					</Type>
				</Properties>
			</Attribute>
			<Attribute uuid="43f5a9d8-a500-4ca4-a773-548e6240eb01">
				<InternalInfo/>
				<Properties>
					<ObjectBelonging>Adopted</ObjectBelonging>
					<Name>Валюта</Name>
					<Comment/>
					<ExtendedConfigurationObject>0a1a3da1-943d-49ab-9c34-a8ed2e386612</ExtendedConfigurationObject>
					<Type>
						<v8:Type>cfg:CatalogRef.Валюты</v8:Type>
					</Type>
				</Properties>
			</Attribute>
			<Attribute uuid="c6e293aa-56dd-4cd7-9a34-ee0cc7009b6a">
				<InternalInfo/>
				<Properties>
					<ObjectBelonging>Adopted</ObjectBelonging>
					<Name>Склад</Name>
					<Comment/>
					<ExtendedConfigurationObject>21767e3f-5e9d-43d3-803c-eaf6279e10db</ExtendedConfigurationObject>
					<Type>
						<v8:Type>cfg:CatalogRef.Склады</v8:Type>
					</Type>
				</Properties>
			</Attribute>
			<Attribute uuid="94bf0457-e062-4fd6-8a22-6007b7bb1fc9">
				<InternalInfo/>
				<Properties>
					<ObjectBelonging>Adopted</ObjectBelonging>
					<Name>Статус</Name>
					<Comment/>
					<ExtendedConfigurationObject>a8d06692-73f7-469f-a6a7-388a13d421d2</ExtendedConfigurationObject>
					<Type>
						<v8:Type>cfg:EnumRef.СтатусыЗаказовКлиентов</v8:Type>
					</Type>
				</Properties>
			</Attribute>
			<Attribute uuid="7a02c17d-a89c-453b-82c3-ac2cb0b08c5a">
				<InternalInfo/>
				<Properties>
					<ObjectBelonging>Adopted</ObjectBelonging>
					<Name>Подразделение</Name>
					<Comment/>
					<ExtendedConfigurationObject>a58e515c-907f-4bc5-9df7-29265a46385b</ExtendedConfigurationObject>
					<Type>
						<v8:Type>cfg:CatalogRef.СтруктураПредприятия</v8:Type>
					</Type>
				</Properties>
			</Attribute>
			<Attribute uuid="42c3c9f1-5d63-4a03-be69-c2c4aaa2f02c">
				<InternalInfo/>
				<Properties>
					<ObjectBelonging>Adopted</ObjectBelonging>
					<Name>Приоритет</Name>
					<Comment/>
					<ExtendedConfigurationObject>7fc5a158-e594-46e8-9ce7-851071b84ff6</ExtendedConfigurationObject>
					<Type>
						<v8:Type>cfg:CatalogRef.Приоритеты</v8:Type>
					</Type>
				</Properties>
			</Attribute>
			<Attribute uuid="c2563c39-d5ec-4414-9cd1-7d43408787a2">
				<InternalInfo/>
				<Properties>
					<ObjectBelonging>Adopted</ObjectBelonging>
					<Name>ЦенаВключаетНДС</Name>
					<Comment/>
					<ExtendedConfigurationObject>9d586092-eec8-4393-9c3e-4de4c3b37ad3</ExtendedConfigurationObject>
					<Type>
						<v8:Type>xs:boolean</v8:Type>
					</Type>
				</Properties>
			</Attribute>
			<Attribute uuid="3435523f-f10c-4423-996f-b6f650d80edb">
				<InternalInfo/>
				<Properties>
					<ObjectBelonging>Adopted</ObjectBelonging>
					<Name>Комментарий</Name>
					<Comment/>
					<ExtendedConfigurationObject>9b03f67d-2b7d-4c73-a988-943a154dbef7</ExtendedConfigurationObject>
					<Type>
						<v8:Type>xs:string</v8:Type>
						<v8:StringQualifiers>
							<v8:Length>0</v8:Length>
							<v8:AllowedLength>Variable</v8:AllowedLength>
						</v8:StringQualifiers>
					</Type>
				</Properties>
			</Attribute>
			<Attribute uuid="6d41c63c-652c-486d-87f7-1a8d66e27345">
				<InternalInfo/>
				<Properties>
					<ObjectBelonging>Adopted</ObjectBelonging>
					<Name>ФормаОплаты</Name>
					<Comment/>
					<ExtendedConfigurationObject>1470a02e-bdcb-4982-987f-f4a8d3554731</ExtendedConfigurationObject>
					<Type>
						<v8:Type>cfg:EnumRef.ФормыОплаты</v8:Type>
					</Type>
				</Properties>
			</Attribute>
			<Attribute uuid="6f42c73f-fcfe-4097-baeb-526cf3a7d52e">
				<InternalInfo/>
				<Properties>
					<ObjectBelonging>Adopted</ObjectBelonging>
					<Name>НалогообложениеНДС</Name>
					<Comment/>
					<ExtendedConfigurationObject>a7c571ab-cd0f-4320-8959-d004d7603976</ExtendedConfigurationObject>
					<Type>
						<v8:Type>cfg:EnumRef.ТипыНалогообложенияНДС</v8:Type>
					</Type>
				</Properties>
			</Attribute>
			<Attribute uuid="33b3b421-9642-4886-9090-fadc1430313f">
				<InternalInfo/>
				<Properties>
					<ObjectBelonging>Adopted</ObjectBelonging>
					<Name>СкидкиРассчитаны</Name>
					<Comment/>
					<ExtendedConfigurationObject>cbb835c9-c769-43ae-8b35-462b98f39dd1</ExtendedConfigurationObject>
					<Type>
						<v8:Type>xs:boolean</v8:Type>
					</Type>
				</Properties>
			</Attribute>
			<Attribute uuid="4f972967-ee0e-4324-b654-4f36ef14756a">
				<InternalInfo/>
				<Properties>
					<ObjectBelonging>Adopted</ObjectBelonging>
					<Name>ХозяйственнаяОперация</Name>
					<Comment/>
					<ExtendedConfigurationObject>2261fcc3-938d-4df2-a64b-de5601c36355</ExtendedConfigurationObject>
					<Type>
						<v8:Type>cfg:EnumRef.ХозяйственныеОперации</v8:Type>
					</Type>
				</Properties>
			</Attribute>
			<Attribute uuid="7cf4c1c7-0036-4229-a3d8-e36fa0e8b3ab">
				<InternalInfo/>
				<Properties>
					<ObjectBelonging>Adopted</ObjectBelonging>
					<Name>Партнер</Name>
					<Comment/>
					<ExtendedConfigurationObject>b6951ae3-bd6b-4547-a0ed-f8cb252badb3</ExtendedConfigurationObject>
					<Type>
						<v8:Type>cfg:CatalogRef.Партнеры</v8:Type>
					</Type>
				</Properties>
			</Attribute>
			<Attribute uuid="18b96110-0b02-41a2-92c7-47b4a8376283">
				<Properties>
					<Name>ИдЗаказаITOkna</Name>
					<Synonym>
						<v8:item>
							<v8:lang>ru</v8:lang>
							<v8:content>ИД заказа ITOkna</v8:content>
						</v8:item>
					</Synonym>
					<Comment/>
					<Type>
						<v8:Type>xs:decimal</v8:Type>
						<v8:NumberQualifiers>
							<v8:Digits>10</v8:Digits>
							<v8:FractionDigits>0</v8:FractionDigits>
							<v8:AllowedSign>Any</v8:AllowedSign>
						</v8:NumberQualifiers>
					</Type>
					<PasswordMode>false</PasswordMode>
					<Format/>
					<EditFormat/>
					<ToolTip/>
					<MarkNegatives>false</MarkNegatives>
					<Mask/>
					<MultiLine>false</MultiLine>
					<ExtendedEdit>false</ExtendedEdit>
					<MinValue xsi:nil="true"/>
					<MaxValue xsi:nil="true"/>
					<FillFromFillingValue>false</FillFromFillingValue>
					<FillValue xsi:nil="true"/>
					<FillChecking>DontCheck</FillChecking>
					<ChoiceFoldersAndItems>Items</ChoiceFoldersAndItems>
					<ChoiceParameterLinks/>
					<ChoiceParameters/>
					<QuickChoice>Auto</QuickChoice>
					<CreateOnInput>Auto</CreateOnInput>
					<ChoiceForm/>
					<LinkByType/>
					<ChoiceHistoryOnInput>Auto</ChoiceHistoryOnInput>
					<Indexing>DontIndex</Indexing>
					<FullTextSearch>Use</FullTextSearch>
					<DataHistory>Use</DataHistory>
				</Properties>
			</Attribute>
			<Attribute uuid="9af21d6e-5131-42ba-b1e7-b47c1433c53d">
				<InternalInfo/>
				<Properties>
					<ObjectBelonging>Adopted</ObjectBelonging>
					<Name>Менеджер</Name>
					<Comment/>
					<ExtendedConfigurationObject>1974cb5e-5162-4f59-90ce-866449e6abe0</ExtendedConfigurationObject>
					<Type>
						<v8:Type>cfg:CatalogRef.Пользователи</v8:Type>
					</Type>
				</Properties>
			</Attribute>
			<Attribute uuid="fbb533cc-fc36-4206-8fae-7a1c514f95a4">
				<InternalInfo/>
				<Properties>
					<ObjectBelonging>Adopted</ObjectBelonging>
					<Name>СуммаДокумента</Name>
					<Comment/>
					<ExtendedConfigurationObject>09d5679e-99d4-4bae-a2be-ab43f7ffaaae</ExtendedConfigurationObject>
					<Type>
						<v8:TypeSet>cfg:DefinedType.ДенежнаяСуммаЛюбогоЗнака</v8:TypeSet>
					</Type>
				</Properties>
			</Attribute>
			<TabularSection uuid="0d249b89-6774-45e5-9255-922c3f889300">
				<InternalInfo>
					<xr:GeneratedType name="DocumentTabularSection.ЗаказКлиента.Товары" category="TabularSection">
						<xr:TypeId>3270d269-1923-4c73-a917-b04fffd6eb1e</xr:TypeId>
						<xr:ValueId>c20c1b7b-1524-4faa-b0fc-f3efe727b81e</xr:ValueId>
					</xr:GeneratedType>
					<xr:GeneratedType name="DocumentTabularSectionRow.ЗаказКлиента.Товары" category="TabularSectionRow">
						<xr:TypeId>31d18b8d-4b51-4fc1-9cc4-0089fee806b4</xr:TypeId>
						<xr:ValueId>ffb59dd0-319a-4f87-9d2e-6fdcba9a51c0</xr:ValueId>
					</xr:GeneratedType>
				</InternalInfo>
				<Properties>
					<ObjectBelonging>Adopted</ObjectBelonging>
					<Name>Товары</Name>
					<Comment/>
					<ExtendedConfigurationObject>7b526229-3286-418a-920a-ff15a9b3ec48</ExtendedConfigurationObject>
				</Properties>
				<ChildObjects>
					<Attribute uuid="57a32034-4011-4936-afd1-9290910babfc">
						<InternalInfo/>
						<Properties>
							<ObjectBelonging>Adopted</ObjectBelonging>
							<Name>Номенклатура</Name>
							<Comment/>
							<ExtendedConfigurationObject>da473af6-1960-4683-b941-b8e3988be4fb</ExtendedConfigurationObject>
							<Type>
								<v8:Type>cfg:CatalogRef.Номенклатура</v8:Type>
							</Type>
						</Properties>
					</Attribute>
					<Attribute uuid="b950398f-1155-4ae2-852d-370b06b8d653">
						<InternalInfo/>
						<Properties>
							<ObjectBelonging>Adopted</ObjectBelonging>
							<Name>КоличествоУпаковок</Name>
							<Comment/>
							<ExtendedConfigurationObject>4bca1976-4244-47db-9333-d6f0a0945532</ExtendedConfigurationObject>
							<Type>
								<v8:Type>xs:decimal</v8:Type>
								<v8:NumberQualifiers>
									<v8:Digits>15</v8:Digits>
									<v8:FractionDigits>3</v8:FractionDigits>
									<v8:AllowedSign>Nonnegative</v8:AllowedSign>
								</v8:NumberQualifiers>
							</Type>
						</Properties>
					</Attribute>
					<Attribute uuid="35da94a5-09c0-463f-b325-0b30614bb1a7">
						<InternalInfo/>
						<Properties>
							<ObjectBelonging>Adopted</ObjectBelonging>
							<Name>Количество</Name>
							<Comment/>
							<ExtendedConfigurationObject>89c8c32c-ef8a-46f1-a7b4-75b2e1524d3f</ExtendedConfigurationObject>
							<Type>
								<v8:Type>xs:decimal</v8:Type>
								<v8:NumberQualifiers>
									<v8:Digits>15</v8:Digits>
									<v8:FractionDigits>3</v8:FractionDigits>
									<v8:AllowedSign>Nonnegative</v8:AllowedSign>
								</v8:NumberQualifiers>
							</Type>
						</Properties>
					</Attribute>
					<Attribute uuid="e875fb73-6243-461e-b8f6-266ec127039a">
						<InternalInfo/>
						<Properties>
							<ObjectBelonging>Adopted</ObjectBelonging>
							<Name>Цена</Name>
							<Comment/>
							<ExtendedConfigurationObject>08f0de4b-9d83-4a4f-ac8b-79abaeef3771</ExtendedConfigurationObject>
							<Type>
								<v8:TypeSet>cfg:DefinedType.Цена</v8:TypeSet>
							</Type>
						</Properties>
					</Attribute>
					<Attribute uuid="58ec5df2-7883-4625-9b79-28634deab52b">
						<InternalInfo/>
						<Properties>
							<ObjectBelonging>Adopted</ObjectBelonging>
							<Name>Сумма</Name>
							<Comment/>
							<ExtendedConfigurationObject>d63279c9-8cd6-4554-b887-089667be2e17</ExtendedConfigurationObject>
							<Type>
								<v8:TypeSet>cfg:DefinedType.ДенежнаяСуммаНеотрицательная</v8:TypeSet>
							</Type>
						</Properties>
					</Attribute>
					<Attribute uuid="eb66fdc3-b6b1-40ad-b557-944eaa9b5d48">
						<InternalInfo/>
						<Properties>
							<ObjectBelonging>Adopted</ObjectBelonging>
							<Name>СтавкаНДС</Name>
							<Comment/>
							<ExtendedConfigurationObject>8d858c66-da95-4821-bb40-fa943a0ee507</ExtendedConfigurationObject>
							<Type>
								<v8:Type>cfg:CatalogRef.СтавкиНДС</v8:Type>
							</Type>
						</Properties>
					</Attribute>
					<Attribute uuid="91f255c9-80e6-4bdb-86d2-6220c3b65faf">
						<InternalInfo/>
						<Properties>
							<ObjectBelonging>Adopted</ObjectBelonging>
							<Name>СуммаНДС</Name>
							<Comment/>
							<ExtendedConfigurationObject>783d4bd3-4cbe-4dea-8aca-c1cf630dd371</ExtendedConfigurationObject>
							<Type>
								<v8:TypeSet>cfg:DefinedType.ДенежнаяСуммаНеотрицательная</v8:TypeSet>
							</Type>
						</Properties>
					</Attribute>
					<Attribute uuid="054e890f-0ca2-454f-96cb-364075cccf5c">
						<InternalInfo/>
						<Properties>
							<ObjectBelonging>Adopted</ObjectBelonging>
							<Name>СуммаСНДС</Name>
							<Comment/>
							<ExtendedConfigurationObject>56ee214a-9ba3-4066-89e9-3b53a7af29bc</ExtendedConfigurationObject>
							<Type>
								<v8:TypeSet>cfg:DefinedType.ДенежнаяСуммаНеотрицательная</v8:TypeSet>
							</Type>
						</Properties>
					</Attribute>
					<Attribute uuid="26d8c5ca-7fea-4d90-9263-0c5618d8284d">
						<InternalInfo/>
						<Properties>
							<ObjectBelonging>Adopted</ObjectBelonging>
							<Name>СуммаРучнойСкидки</Name>
							<Comment/>
							<ExtendedConfigurationObject>a5a61688-4574-483f-9ddf-f2cfea450a8d</ExtendedConfigurationObject>
							<Type>
								<v8:TypeSet>cfg:DefinedType.ДенежнаяСуммаЛюбогоЗнака</v8:TypeSet>
							</Type>
						</Properties>
					</Attribute>
					<Attribute uuid="836d9763-86c1-4eeb-b209-694747f780b1">
						<InternalInfo/>
						<Properties>
							<ObjectBelonging>Adopted</ObjectBelonging>
							<Name>ВариантОбеспечения</Name>
							<Comment/>
							<ExtendedConfigurationObject>5226ecfa-b7f0-488a-95ed-b0f2cd61995b</ExtendedConfigurationObject>
							<Type>
								<v8:Type>cfg:EnumRef.ВариантыОбеспечения</v8:Type>
							</Type>
						</Properties>
					</Attribute>
					<Attribute uuid="2b833064-0213-4e28-945c-0f61908b9322">
						<InternalInfo/>
						<Properties>
							<ObjectBelonging>Adopted</ObjectBelonging>
							<Name>Подразделение</Name>
							<Comment/>
							<ExtendedConfigurationObject>6f341ca0-40af-4dab-9ec4-44215078bcce</ExtendedConfigurationObject>
							<Type>
								<v8:Type>cfg:CatalogRef.СтруктураПредприятия</v8:Type>
							</Type>
						</Properties>
					</Attribute>
					<Attribute uuid="6c7c674d-f1b3-4efa-9ac7-a578a27e3f81">
						<InternalInfo/>
						<Properties>
							<ObjectBelonging>Adopted</ObjectBelonging>
							<Name>Склад</Name>
							<Comment/>
							<ExtendedConfigurationObject>60d47e52-6b3e-4f62-8337-412bddf599d2</ExtendedConfigurationObject>
							<Type>
								<v8:Type>cfg:CatalogRef.Склады</v8:Type>
							</Type>
						</Properties>
					</Attribute>
				</ChildObjects>
			</TabularSection>
		</ChildObjects>
	</Document>
</MetaDataObject>