﻿<?xml version="1.0" encoding="UTF-8"?>
<MetaDataObject xmlns="http://v8.1c.ru/8.3/MDClasses" xmlns:app="http://v8.1c.ru/8.2/managed-application/core" xmlns:cfg="http://v8.1c.ru/8.1/data/enterprise/current-config" xmlns:cmi="http://v8.1c.ru/8.2/managed-application/cmi" xmlns:ent="http://v8.1c.ru/8.1/data/enterprise" xmlns:lf="http://v8.1c.ru/8.2/managed-application/logform" xmlns:style="http://v8.1c.ru/8.1/data/ui/style" xmlns:sys="http://v8.1c.ru/8.1/data/ui/fonts/system" xmlns:v8="http://v8.1c.ru/8.1/data/core" xmlns:v8ui="http://v8.1c.ru/8.1/data/ui" xmlns:web="http://v8.1c.ru/8.1/data/ui/colors/web" xmlns:win="http://v8.1c.ru/8.1/data/ui/colors/windows" xmlns:xen="http://v8.1c.ru/8.3/xcf/enums" xmlns:xpr="http://v8.1c.ru/8.3/xcf/predef" xmlns:xr="http://v8.1c.ru/8.3/xcf/readable" xmlns:xs="http://www.w3.org/2001/XMLSchema" xmlns:xsi="http://www.w3.org/2001/XMLSchema-instance" version="2.20">
	<Document uuid="7eed9c1a-73ce-448f-a518-6f22d65a9635">
		<InternalInfo>
			<xr:GeneratedType name="DocumentObject.ПроизводствоБезЗаказа" category="Object">
				<xr:TypeId>a51c4f2e-6a41-42bb-acbe-75097659dfde</xr:TypeId>
				<xr:ValueId>a2e0f671-f28c-47c6-b4ec-255714e29d63</xr:ValueId>
			</xr:GeneratedType>
			<xr:GeneratedType name="DocumentRef.ПроизводствоБезЗаказа" category="Ref">
				<xr:TypeId>2826832b-a32b-4366-89f2-1109c3e0dc84</xr:TypeId>
				<xr:ValueId>9869a0dc-f1c4-42ed-bcd8-607b1b9ceb70</xr:ValueId>
			</xr:GeneratedType>
			<xr:GeneratedType name="DocumentSelection.ПроизводствоБезЗаказа" category="Selection">
				<xr:TypeId>1bb6789e-0e0d-46e6-bee7-5d7a15f7e59b</xr:TypeId>
				<xr:ValueId>9d769fed-347d-4c12-af9f-bd970de88c73</xr:ValueId>
			</xr:GeneratedType>
			<xr:GeneratedType name="DocumentList.ПроизводствоБезЗаказа" category="List">
				<xr:TypeId>de6ca780-2951-47e6-aaa5-10b2b036e95a</xr:TypeId>
				<xr:ValueId>f506c0a3-0860-4a7d-943f-cb517b91136d</xr:ValueId>
			</xr:GeneratedType>
			<xr:GeneratedType name="DocumentManager.ПроизводствоБезЗаказа" category="Manager">
				<xr:TypeId>2b97c1d4-751e-494a-b235-99f20b41d245</xr:TypeId>
				<xr:ValueId>fb412677-9472-4102-8fc4-90c2b6a1a599</xr:ValueId>
			</xr:GeneratedType>
		</InternalInfo>
		<Properties>
			<ObjectBelonging>Adopted</ObjectBelonging>
			<Name>ПроизводствоБезЗаказа</Name>
			<Comment/>
			<ExtendedConfigurationObject>402a4f63-c632-4b91-9a24-a8b41c330ff0</ExtendedConfigurationObject>
			<RegisterRecords/>
		</Properties>
		<ChildObjects>
			<Attribute uuid="ab6ca4bd-a1c7-41da-8391-7b10163ec929">
				<InternalInfo/>
				<Properties>
					<ObjectBelonging>Adopted</ObjectBelonging>
					<Name>Подразделение</Name>
					<Comment/>
					<ExtendedConfigurationObject>e7ec8cd2-5ae9-4dd1-8fcd-16d12e8306f7</ExtendedConfigurationObject>
					<Type>
						<v8:Type>cfg:CatalogRef.СтруктураПредприятия</v8:Type>
					</Type>
				</Properties>
			</Attribute>
			<Attribute uuid="1ddf0fa0-46f9-4db8-817c-c377e317944c">
				<Properties>
					<Name>ИдЗаказаITOkna</Name>
					<Synonym>
						<v8:item>
							<v8:lang>ru</v8:lang>
							<v8:content>ИД заказа ITOkna</v8:content>
						</v8:item>
					</Synonym>
					<Comment/>
					<Type>
						<v8:Type>xs:decimal</v8:Type>
						<v8:NumberQualifiers>
							<v8:Digits>10</v8:Digits>
							<v8:FractionDigits>0</v8:FractionDigits>
							<v8:AllowedSign>Any</v8:AllowedSign>
						</v8:NumberQualifiers>
					</Type>
					<PasswordMode>false</PasswordMode>
					<Format/>
					<EditFormat/>
					<ToolTip/>
					<MarkNegatives>false</MarkNegatives>
					<Mask/>
					<MultiLine>false</MultiLine>
					<ExtendedEdit>false</ExtendedEdit>
					<MinValue xsi:nil="true"/>
					<MaxValue xsi:nil="true"/>
					<FillFromFillingValue>false</FillFromFillingValue>
					<FillValue xsi:nil="true"/>
					<FillChecking>DontCheck</FillChecking>
					<ChoiceFoldersAndItems>Items</ChoiceFoldersAndItems>
					<ChoiceParameterLinks/>
					<ChoiceParameters/>
					<QuickChoice>Auto</QuickChoice>
					<CreateOnInput>Auto</CreateOnInput>
					<ChoiceForm/>
					<LinkByType/>
					<ChoiceHistoryOnInput>Auto</ChoiceHistoryOnInput>
					<Indexing>DontIndex</Indexing>
					<FullTextSearch>Use</FullTextSearch>
					<DataHistory>Use</DataHistory>
				</Properties>
			</Attribute>
			<Attribute uuid="5e77d140-7594-4da1-a15e-9ba2f53d0221">
				<InternalInfo/>
				<Properties>
					<ObjectBelonging>Adopted</ObjectBelonging>
					<Name>ГруппировкаЗатрат</Name>
					<Comment/>
					<ExtendedConfigurationObject>bca2c063-d447-4a80-849e-0f5c8c06f0a0</ExtendedConfigurationObject>
					<Type>
						<v8:Type>cfg:EnumRef.ГруппировкиЗатратВПроизводствеБезЗаказа</v8:Type>
					</Type>
				</Properties>
			</Attribute>
			<Form>ФормаДокумента</Form>
			<Form>ФормаСписка</Form>
			<TabularSection uuid="8490730d-3b36-4173-9ec8-7d87bfc87e5b">
				<InternalInfo>
					<xr:GeneratedType name="DocumentTabularSection.ПроизводствоБезЗаказа.МатериалыИРаботы" category="TabularSection">
						<xr:TypeId>6a713701-7037-472d-9448-c129275575f3</xr:TypeId>
						<xr:ValueId>430a75fa-3a80-46ec-9d48-b0af61849bd5</xr:ValueId>
					</xr:GeneratedType>
					<xr:GeneratedType name="DocumentTabularSectionRow.ПроизводствоБезЗаказа.МатериалыИРаботы" category="TabularSectionRow">
						<xr:TypeId>c8907798-22d5-4448-92b0-7dd35e392c48</xr:TypeId>
						<xr:ValueId>e8e0524b-8d39-4a00-a268-1c28aa2b3b10</xr:ValueId>
					</xr:GeneratedType>
				</InternalInfo>
				<Properties>
					<ObjectBelonging>Adopted</ObjectBelonging>
					<Name>МатериалыИРаботы</Name>
					<Comment/>
					<ExtendedConfigurationObject>9c018d82-1947-4ce8-87fb-d0203e254132</ExtendedConfigurationObject>
				</Properties>
				<ChildObjects>
					<Attribute uuid="365a975a-0030-4992-ab04-4d55e17bcbf4">
						<InternalInfo/>
						<Properties>
							<ObjectBelonging>Adopted</ObjectBelonging>
							<Name>Склад</Name>
							<Comment/>
							<ExtendedConfigurationObject>37bfbbfb-a82a-4b42-b915-0137d6a7033b</ExtendedConfigurationObject>
							<Type>
								<v8:Type>cfg:CatalogRef.Склады</v8:Type>
							</Type>
						</Properties>
					</Attribute>
					<Attribute uuid="aff2ba12-fcbb-4486-a59f-0a77dc1a5b38">
						<InternalInfo/>
						<Properties>
							<ObjectBelonging>Adopted</ObjectBelonging>
							<Name>Номенклатура</Name>
							<Comment/>
							<ExtendedConfigurationObject>80bb2b63-5bc7-48a0-b9eb-f010f52d09fb</ExtendedConfigurationObject>
							<Type>
								<v8:Type>cfg:CatalogRef.Номенклатура</v8:Type>
							</Type>
						</Properties>
					</Attribute>
					<Attribute uuid="60ccfae5-7d5f-4a6e-ad5c-f466da96fdf3">
						<InternalInfo/>
						<Properties>
							<ObjectBelonging>Adopted</ObjectBelonging>
							<Name>Количество</Name>
							<Comment/>
							<ExtendedConfigurationObject>15ffe898-f92e-458b-a132-bd3f25aec5ca</ExtendedConfigurationObject>
							<Type>
								<v8:Type>xs:decimal</v8:Type>
								<v8:NumberQualifiers>
									<v8:Digits>15</v8:Digits>
									<v8:FractionDigits>3</v8:FractionDigits>
									<v8:AllowedSign>Nonnegative</v8:AllowedSign>
								</v8:NumberQualifiers>
							</Type>
						</Properties>
					</Attribute>
					<Attribute uuid="f8f6ed81-480c-44ce-a009-d94d57e2f064">
						<InternalInfo/>
						<Properties>
							<ObjectBelonging>Adopted</ObjectBelonging>
							<Name>Подразделение</Name>
							<Comment/>
							<ExtendedConfigurationObject>cc47ef31-0b50-4948-b3b9-fd9ed4b19005</ExtendedConfigurationObject>
							<Type>
								<v8:Type>cfg:CatalogRef.СтруктураПредприятия</v8:Type>
							</Type>
						</Properties>
					</Attribute>
					<Attribute uuid="f8f64094-6727-4a08-aa97-2bbe5130989d">
						<InternalInfo/>
						<Properties>
							<ObjectBelonging>Adopted</ObjectBelonging>
							<Name>АналитикаУчетаНоменклатуры</Name>
							<Comment/>
							<ExtendedConfigurationObject>b9a597d8-c277-4270-bc56-3f2b4d810d23</ExtendedConfigurationObject>
							<Type>
								<v8:Type>cfg:CatalogRef.КлючиАналитикиУчетаНоменклатуры</v8:Type>
							</Type>
						</Properties>
					</Attribute>
					<Attribute uuid="e04b9846-c6ba-46e8-825f-7d42a900582b">
						<InternalInfo/>
						<Properties>
							<ObjectBelonging>Adopted</ObjectBelonging>
							<Name>СтатьяКалькуляции</Name>
							<Comment/>
							<ExtendedConfigurationObject>b4cac611-e61b-4f19-80b0-bd9768cb0fa4</ExtendedConfigurationObject>
							<Type>
								<v8:Type>cfg:CatalogRef.СтатьиКалькуляции</v8:Type>
							</Type>
						</Properties>
					</Attribute>
					<Attribute uuid="9906b904-ee82-4826-8b42-9db3d8b57bca">
						<InternalInfo/>
						<Properties>
							<ObjectBelonging>Adopted</ObjectBelonging>
							<Name>КоличествоУпаковок</Name>
							<Comment/>
							<ExtendedConfigurationObject>e87ecef3-c567-4960-8e80-f67845d1dcf2</ExtendedConfigurationObject>
							<Type>
								<v8:Type>xs:decimal</v8:Type>
								<v8:NumberQualifiers>
									<v8:Digits>15</v8:Digits>
									<v8:FractionDigits>3</v8:FractionDigits>
									<v8:AllowedSign>Nonnegative</v8:AllowedSign>
								</v8:NumberQualifiers>
							</Type>
						</Properties>
					</Attribute>
					<Attribute uuid="385f50a7-9ae2-4694-8c91-a3f2ef3afe74">
						<InternalInfo/>
						<Properties>
							<ObjectBelonging>Adopted</ObjectBelonging>
							<Name>НомерГруппыЗатрат</Name>
							<Comment/>
							<ExtendedConfigurationObject>2b0568de-e9c3-4b47-b806-47a2240bf3cb</ExtendedConfigurationObject>
							<Type>
								<v8:Type>xs:decimal</v8:Type>
								<v8:NumberQualifiers>
									<v8:Digits>10</v8:Digits>
									<v8:FractionDigits>0</v8:FractionDigits>
									<v8:AllowedSign>Nonnegative</v8:AllowedSign>
								</v8:NumberQualifiers>
							</Type>
						</Properties>
					</Attribute>
				</ChildObjects>
			</TabularSection>
			<TabularSection uuid="792374f2-f217-4b84-a576-5d138257d0ba">
				<InternalInfo>
					<xr:GeneratedType name="DocumentTabularSection.ПроизводствоБезЗаказа.ВыходныеИзделия" category="TabularSection">
						<xr:TypeId>d10de330-b77f-4e5c-8633-129f6a3ce4c6</xr:TypeId>
						<xr:ValueId>cb02622d-b8cc-43e5-adec-0238be84904b</xr:ValueId>
					</xr:GeneratedType>
					<xr:GeneratedType name="DocumentTabularSectionRow.ПроизводствоБезЗаказа.ВыходныеИзделия" category="TabularSectionRow">
						<xr:TypeId>32c01649-0bc4-4ab0-bfad-884105b417ee</xr:TypeId>
						<xr:ValueId>2c4bd2d5-e7f7-48d0-a22f-25fef4f9566f</xr:ValueId>
					</xr:GeneratedType>
				</InternalInfo>
				<Properties>
					<ObjectBelonging>Adopted</ObjectBelonging>
					<Name>ВыходныеИзделия</Name>
					<Comment/>
					<ExtendedConfigurationObject>624a9efd-8819-47bb-8f59-7181512915b4</ExtendedConfigurationObject>
				</Properties>
				<ChildObjects>
					<Attribute uuid="af0dd9ed-b17f-450e-ba8a-a967196b875d">
						<InternalInfo/>
						<Properties>
							<ObjectBelonging>Adopted</ObjectBelonging>
							<Name>Количество</Name>
							<Comment/>
							<ExtendedConfigurationObject>ce4b4f59-10f5-4a6f-9088-3a669120cd21</ExtendedConfigurationObject>
							<Type>
								<v8:Type>xs:decimal</v8:Type>
								<v8:NumberQualifiers>
									<v8:Digits>15</v8:Digits>
									<v8:FractionDigits>3</v8:FractionDigits>
									<v8:AllowedSign>Nonnegative</v8:AllowedSign>
								</v8:NumberQualifiers>
							</Type>
						</Properties>
					</Attribute>
					<Attribute uuid="187ddd65-39e2-4180-8162-d1d10ebdb442">
						<InternalInfo/>
						<Properties>
							<ObjectBelonging>Adopted</ObjectBelonging>
							<Name>Подразделение</Name>
							<Comment/>
							<ExtendedConfigurationObject>4e649e25-b897-44fb-bae6-2c9d56bfc69d</ExtendedConfigurationObject>
							<Type>
								<v8:Type>cfg:CatalogRef.СтруктураПредприятия</v8:Type>
							</Type>
						</Properties>
					</Attribute>
					<Attribute uuid="1bcda7b6-fd61-49ca-b8c3-e02a772f7cf7">
						<InternalInfo/>
						<Properties>
							<ObjectBelonging>Adopted</ObjectBelonging>
							<Name>Номенклатура</Name>
							<Comment/>
							<ExtendedConfigurationObject>810f3d9b-e8f6-4e6f-bd6e-178b73df75ea</ExtendedConfigurationObject>
							<Type>
								<v8:Type>cfg:CatalogRef.Номенклатура</v8:Type>
							</Type>
						</Properties>
					</Attribute>
					<Attribute uuid="4568285d-1a54-400e-9855-c221b7415eec">
						<InternalInfo/>
						<Properties>
							<ObjectBelonging>Adopted</ObjectBelonging>
							<Name>КоличествоУпаковок</Name>
							<Comment/>
							<ExtendedConfigurationObject>3918d4f8-aec8-4032-b159-ada08bb71c15</ExtendedConfigurationObject>
							<Type>
								<v8:Type>xs:decimal</v8:Type>
								<v8:NumberQualifiers>
									<v8:Digits>15</v8:Digits>
									<v8:FractionDigits>3</v8:FractionDigits>
									<v8:AllowedSign>Nonnegative</v8:AllowedSign>
								</v8:NumberQualifiers>
							</Type>
						</Properties>
					</Attribute>
					<Attribute uuid="560e05e4-9a34-45ad-9585-76454e1f7d34">
						<InternalInfo/>
						<Properties>
							<ObjectBelonging>Adopted</ObjectBelonging>
							<Name>Получатель</Name>
							<Comment/>
							<ExtendedConfigurationObject>a51d91b8-f05d-4564-a8c7-475425d07eb8</ExtendedConfigurationObject>
							<Type>
								<v8:TypeSet>cfg:AnyIBRef</v8:TypeSet>
							</Type>
						</Properties>
					</Attribute>
					<Attribute uuid="a22d800d-4c61-4697-8cc3-60ca1b4bf735">
						<InternalInfo/>
						<Properties>
							<ObjectBelonging>Adopted</ObjectBelonging>
							<Name>НаправлениеВыпуска</Name>
							<Comment/>
							<ExtendedConfigurationObject>f1153b5a-dcdb-4086-92d7-ab538f554613</ExtendedConfigurationObject>
							<Type>
								<v8:Type>cfg:EnumRef.ХозяйственныеОперации</v8:Type>
							</Type>
						</Properties>
					</Attribute>
					<Attribute uuid="048c3016-e12d-4c02-b6a7-934f88ddc096">
						<InternalInfo/>
						<Properties>
							<ObjectBelonging>Adopted</ObjectBelonging>
							<Name>НомерГруппыЗатрат</Name>
							<Comment/>
							<ExtendedConfigurationObject>3aeb4456-bf35-4c22-9746-ecef594a378f</ExtendedConfigurationObject>
							<Type>
								<v8:Type>xs:decimal</v8:Type>
								<v8:NumberQualifiers>
									<v8:Digits>10</v8:Digits>
									<v8:FractionDigits>0</v8:FractionDigits>
									<v8:AllowedSign>Nonnegative</v8:AllowedSign>
								</v8:NumberQualifiers>
							</Type>
						</Properties>
					</Attribute>
				</ChildObjects>
			</TabularSection>
		</ChildObjects>
	</Document>
</MetaDataObject>