﻿<?xml version="1.0" encoding="UTF-8"?>
<MetaDataObject xmlns="http://v8.1c.ru/8.3/MDClasses" xmlns:app="http://v8.1c.ru/8.2/managed-application/core" xmlns:cfg="http://v8.1c.ru/8.1/data/enterprise/current-config" xmlns:cmi="http://v8.1c.ru/8.2/managed-application/cmi" xmlns:ent="http://v8.1c.ru/8.1/data/enterprise" xmlns:lf="http://v8.1c.ru/8.2/managed-application/logform" xmlns:style="http://v8.1c.ru/8.1/data/ui/style" xmlns:sys="http://v8.1c.ru/8.1/data/ui/fonts/system" xmlns:v8="http://v8.1c.ru/8.1/data/core" xmlns:v8ui="http://v8.1c.ru/8.1/data/ui" xmlns:web="http://v8.1c.ru/8.1/data/ui/colors/web" xmlns:win="http://v8.1c.ru/8.1/data/ui/colors/windows" xmlns:xen="http://v8.1c.ru/8.3/xcf/enums" xmlns:xpr="http://v8.1c.ru/8.3/xcf/predef" xmlns:xr="http://v8.1c.ru/8.3/xcf/readable" xmlns:xs="http://www.w3.org/2001/XMLSchema" xmlns:xsi="http://www.w3.org/2001/XMLSchema-instance" version="2.20">
	<Document uuid="3962b77f-cb95-440d-99f4-e5d5767a6f0b">
		<InternalInfo>
			<xr:GeneratedType name="DocumentObject.РеализацияТоваровУслуг" category="Object">
				<xr:TypeId>d4a2c0af-7271-403c-a1f5-d9c3afea4113</xr:TypeId>
				<xr:ValueId>58b63666-406d-4b37-b95e-12fe15daf13f</xr:ValueId>
			</xr:GeneratedType>
			<xr:GeneratedType name="DocumentRef.РеализацияТоваровУслуг" category="Ref">
				<xr:TypeId>d6b563e4-24f7-4ca9-a53d-b9e14c166c89</xr:TypeId>
				<xr:ValueId>bbc54db0-20a7-4e77-a762-6731563c2547</xr:ValueId>
			</xr:GeneratedType>
			<xr:GeneratedType name="DocumentSelection.РеализацияТоваровУслуг" category="Selection">
				<xr:TypeId>7e5c5d0e-8c9f-4fe5-9fad-f80ce299ed2e</xr:TypeId>
				<xr:ValueId>f273292f-d676-4af9-b701-6b69b6ecbb10</xr:ValueId>
			</xr:GeneratedType>
			<xr:GeneratedType name="DocumentList.РеализацияТоваровУслуг" category="List">
				<xr:TypeId>db978928-ad1d-45b2-a7ad-7c2424edf1c5</xr:TypeId>
				<xr:ValueId>36f3862a-2a00-49d7-9300-3bce0be4544b</xr:ValueId>
			</xr:GeneratedType>
			<xr:GeneratedType name="DocumentManager.РеализацияТоваровУслуг" category="Manager">
				<xr:TypeId>cd445418-0872-4412-b917-32518f81d033</xr:TypeId>
				<xr:ValueId>1aa9480f-11de-4d4e-8bc2-0fe139547c84</xr:ValueId>
			</xr:GeneratedType>
			<xr:PropertyState>
				<xr:Property>ObjectModule</xr:Property>
				<xr:State>Extended</xr:State>
			</xr:PropertyState>
		</InternalInfo>
		<Properties>
			<ObjectBelonging>Adopted</ObjectBelonging>
			<Name>РеализацияТоваровУслуг</Name>
			<Comment/>
			<ExtendedConfigurationObject>8eac9a31-ed8b-4965-85f9-086b89e1764b</ExtendedConfigurationObject>
			<RegisterRecords/>
		</Properties>
		<ChildObjects>
			<Attribute uuid="744c1d85-35c7-4c73-9800-bb00e2adcc9b">
				<Properties>
					<Name>ИдЗаказаITOkna</Name>
					<Synonym>
						<v8:item>
							<v8:lang>ru</v8:lang>
							<v8:content>ИД заказа ITOkna</v8:content>
						</v8:item>
					</Synonym>
					<Comment/>
					<Type>
						<v8:Type>xs:decimal</v8:Type>
						<v8:NumberQualifiers>
							<v8:Digits>10</v8:Digits>
							<v8:FractionDigits>0</v8:FractionDigits>
							<v8:AllowedSign>Any</v8:AllowedSign>
						</v8:NumberQualifiers>
					</Type>
					<PasswordMode>false</PasswordMode>
					<Format/>
					<EditFormat/>
					<ToolTip/>
					<MarkNegatives>false</MarkNegatives>
					<Mask/>
					<MultiLine>false</MultiLine>
					<ExtendedEdit>false</ExtendedEdit>
					<MinValue xsi:nil="true"/>
					<MaxValue xsi:nil="true"/>
					<FillFromFillingValue>false</FillFromFillingValue>
					<FillValue xsi:nil="true"/>
					<FillChecking>DontCheck</FillChecking>
					<ChoiceFoldersAndItems>Items</ChoiceFoldersAndItems>
					<ChoiceParameterLinks/>
					<ChoiceParameters/>
					<QuickChoice>Auto</QuickChoice>
					<CreateOnInput>Auto</CreateOnInput>
					<ChoiceForm/>
					<LinkByType/>
					<ChoiceHistoryOnInput>Auto</ChoiceHistoryOnInput>
					<Indexing>DontIndex</Indexing>
					<FullTextSearch>Use</FullTextSearch>
					<DataHistory>Use</DataHistory>
				</Properties>
			</Attribute>
			<Attribute uuid="ffbaa0a4-bb07-481f-8f9e-7440c4db6ac7">
				<InternalInfo/>
				<Properties>
					<ObjectBelonging>Adopted</ObjectBelonging>
					<Name>ЗаказКлиента</Name>
					<Comment/>
					<ExtendedConfigurationObject>d59a9f62-153a-481d-bab6-3f178d0606f1</ExtendedConfigurationObject>
					<Type>
						<v8:TypeSet>cfg:AnyIBRef</v8:TypeSet>
					</Type>
				</Properties>
			</Attribute>
			<Form>ФормаДокумента</Form>
		</ChildObjects>
	</Document>
</MetaDataObject>