﻿<?xml version="1.0" encoding="UTF-8"?>
<MetaDataObject xmlns="http://v8.1c.ru/8.3/MDClasses" xmlns:app="http://v8.1c.ru/8.2/managed-application/core" xmlns:cfg="http://v8.1c.ru/8.1/data/enterprise/current-config" xmlns:cmi="http://v8.1c.ru/8.2/managed-application/cmi" xmlns:ent="http://v8.1c.ru/8.1/data/enterprise" xmlns:lf="http://v8.1c.ru/8.2/managed-application/logform" xmlns:style="http://v8.1c.ru/8.1/data/ui/style" xmlns:sys="http://v8.1c.ru/8.1/data/ui/fonts/system" xmlns:v8="http://v8.1c.ru/8.1/data/core" xmlns:v8ui="http://v8.1c.ru/8.1/data/ui" xmlns:web="http://v8.1c.ru/8.1/data/ui/colors/web" xmlns:win="http://v8.1c.ru/8.1/data/ui/colors/windows" xmlns:xen="http://v8.1c.ru/8.3/xcf/enums" xmlns:xpr="http://v8.1c.ru/8.3/xcf/predef" xmlns:xr="http://v8.1c.ru/8.3/xcf/readable" xmlns:xs="http://www.w3.org/2001/XMLSchema" xmlns:xsi="http://www.w3.org/2001/XMLSchema-instance" version="2.20">
	<Enum uuid="eee3f5b6-e6e0-47e1-b9cf-64482fff4a5d">
		<InternalInfo>
			<xr:GeneratedType name="EnumRef.ВариантыОбеспечения" category="Ref">
				<xr:TypeId>bb57237f-8657-4e47-8db8-8dd8c035507c</xr:TypeId>
				<xr:ValueId>2e9f8e55-fb9a-47b2-8c0b-047820a68019</xr:ValueId>
			</xr:GeneratedType>
			<xr:GeneratedType name="EnumManager.ВариантыОбеспечения" category="Manager">
				<xr:TypeId>fa8deeee-0ddd-4a02-9aa5-be11453a4cf2</xr:TypeId>
				<xr:ValueId>c8f2b18b-ab63-43c5-b20f-4e0774e7d744</xr:ValueId>
			</xr:GeneratedType>
			<xr:GeneratedType name="EnumList.ВариантыОбеспечения" category="List">
				<xr:TypeId>58420b78-4b35-4cb1-80fc-6ac992f84606</xr:TypeId>
				<xr:ValueId>4df80b8c-886a-49ef-91ed-802c95e809b8</xr:ValueId>
			</xr:GeneratedType>
		</InternalInfo>
		<Properties>
			<ObjectBelonging>Adopted</ObjectBelonging>
			<Name>ВариантыОбеспечения</Name>
			<Comment/>
			<ExtendedConfigurationObject>48a11946-4d50-41a7-919b-49bf18403be5</ExtendedConfigurationObject>
		</Properties>
		<ChildObjects>
			<EnumValue uuid="4de1cb09-0c52-4200-ba8d-34547b120bd9">
				<InternalInfo/>
				<Properties>
					<ObjectBelonging>Adopted</ObjectBelonging>
					<Name>КОбеспечению</Name>
					<Comment/>
					<ExtendedConfigurationObject>4ed96c3e-4885-4c35-b010-4d22e1d10826</ExtendedConfigurationObject>
				</Properties>
			</EnumValue>
		</ChildObjects>
	</Enum>
</MetaDataObject>