﻿<?xml version="1.0" encoding="UTF-8"?>
<MetaDataObject xmlns="http://v8.1c.ru/8.3/MDClasses" xmlns:app="http://v8.1c.ru/8.2/managed-application/core" xmlns:cfg="http://v8.1c.ru/8.1/data/enterprise/current-config" xmlns:cmi="http://v8.1c.ru/8.2/managed-application/cmi" xmlns:ent="http://v8.1c.ru/8.1/data/enterprise" xmlns:lf="http://v8.1c.ru/8.2/managed-application/logform" xmlns:style="http://v8.1c.ru/8.1/data/ui/style" xmlns:sys="http://v8.1c.ru/8.1/data/ui/fonts/system" xmlns:v8="http://v8.1c.ru/8.1/data/core" xmlns:v8ui="http://v8.1c.ru/8.1/data/ui" xmlns:web="http://v8.1c.ru/8.1/data/ui/colors/web" xmlns:win="http://v8.1c.ru/8.1/data/ui/colors/windows" xmlns:xen="http://v8.1c.ru/8.3/xcf/enums" xmlns:xpr="http://v8.1c.ru/8.3/xcf/predef" xmlns:xr="http://v8.1c.ru/8.3/xcf/readable" xmlns:xs="http://www.w3.org/2001/XMLSchema" xmlns:xsi="http://www.w3.org/2001/XMLSchema-instance" version="2.20">
	<Enum uuid="73e0b7b1-bcbb-4ec6-ba49-8bb97b8fc64a">
		<InternalInfo>
			<xr:GeneratedType name="EnumRef.ВариантыОформленияПродажи" category="Ref">
				<xr:TypeId>cd449ecc-4b89-4a44-9274-5480fe68fc2d</xr:TypeId>
				<xr:ValueId>cf9839e8-ea36-4632-aab1-cd521d70a280</xr:ValueId>
			</xr:GeneratedType>
			<xr:GeneratedType name="EnumManager.ВариантыОформленияПродажи" category="Manager">
				<xr:TypeId>e8124d4a-7330-4c43-a316-c95355a841a2</xr:TypeId>
				<xr:ValueId>7c9e5d0c-63a5-4339-8023-32fda2d72b95</xr:ValueId>
			</xr:GeneratedType>
			<xr:GeneratedType name="EnumList.ВариантыОформленияПродажи" category="List">
				<xr:TypeId>0d9a0c78-c515-490c-8ae8-1a67786c5984</xr:TypeId>
				<xr:ValueId>f35f6c2b-5e85-4e92-992f-c30107c8161b</xr:ValueId>
			</xr:GeneratedType>
		</InternalInfo>
		<Properties>
			<ObjectBelonging>Adopted</ObjectBelonging>
			<Name>ВариантыОформленияПродажи</Name>
			<Comment/>
			<ExtendedConfigurationObject>87b3de07-c5ac-46e3-aee9-b875ee5e2d0b</ExtendedConfigurationObject>
		</Properties>
		<ChildObjects>
			<EnumValue uuid="ca9690a9-aa07-43bf-b9a0-8a6ee7d5293a">
				<InternalInfo/>
				<Properties>
					<ObjectBelonging>Adopted</ObjectBelonging>
					<Name>РеализацияТоваровУслуг</Name>
					<Comment/>
					<ExtendedConfigurationObject>6ed82cef-39f7-4beb-bf6e-4c0cef820047</ExtendedConfigurationObject>
				</Properties>
			</EnumValue>
			<EnumValue uuid="5a60709c-5ff6-4da5-b5fb-6fe74bf8f252">
				<InternalInfo/>
				<Properties>
					<ObjectBelonging>Adopted</ObjectBelonging>
					<Name>АктНаПередачуПрав</Name>
					<Comment/>
					<ExtendedConfigurationObject>f3ed285f-e808-48f4-85c5-0cea0d7d4dcb</ExtendedConfigurationObject>
				</Properties>
			</EnumValue>
		</ChildObjects>
	</Enum>
</MetaDataObject>