﻿<?xml version="1.0" encoding="UTF-8"?>
<MetaDataObject xmlns="http://v8.1c.ru/8.3/MDClasses" xmlns:app="http://v8.1c.ru/8.2/managed-application/core" xmlns:cfg="http://v8.1c.ru/8.1/data/enterprise/current-config" xmlns:cmi="http://v8.1c.ru/8.2/managed-application/cmi" xmlns:ent="http://v8.1c.ru/8.1/data/enterprise" xmlns:lf="http://v8.1c.ru/8.2/managed-application/logform" xmlns:style="http://v8.1c.ru/8.1/data/ui/style" xmlns:sys="http://v8.1c.ru/8.1/data/ui/fonts/system" xmlns:v8="http://v8.1c.ru/8.1/data/core" xmlns:v8ui="http://v8.1c.ru/8.1/data/ui" xmlns:web="http://v8.1c.ru/8.1/data/ui/colors/web" xmlns:win="http://v8.1c.ru/8.1/data/ui/colors/windows" xmlns:xen="http://v8.1c.ru/8.3/xcf/enums" xmlns:xpr="http://v8.1c.ru/8.3/xcf/predef" xmlns:xr="http://v8.1c.ru/8.3/xcf/readable" xmlns:xs="http://www.w3.org/2001/XMLSchema" xmlns:xsi="http://www.w3.org/2001/XMLSchema-instance" version="2.20">
	<Enum uuid="c5efc24f-691a-4357-bbf6-db45bc852ab6">
		<InternalInfo>
			<xr:GeneratedType name="EnumRef.ГруппировкиЗатратВПроизводствеБезЗаказа" category="Ref">
				<xr:TypeId>738a902a-ad90-4929-b4e3-4b62c35895ca</xr:TypeId>
				<xr:ValueId>0a01aee5-1660-4a87-bc84-2f0f37dd6c00</xr:ValueId>
			</xr:GeneratedType>
			<xr:GeneratedType name="EnumManager.ГруппировкиЗатратВПроизводствеБезЗаказа" category="Manager">
				<xr:TypeId>6270c7a1-d02e-451d-a7de-84aa22c6c9f5</xr:TypeId>
				<xr:ValueId>d6f88090-6c2b-4842-88f9-f331de681356</xr:ValueId>
			</xr:GeneratedType>
			<xr:GeneratedType name="EnumList.ГруппировкиЗатратВПроизводствеБезЗаказа" category="List">
				<xr:TypeId>d7ecde53-d7ff-4132-9758-52b8bf99298c</xr:TypeId>
				<xr:ValueId>11c67149-8061-410e-8b49-d0357b93ae09</xr:ValueId>
			</xr:GeneratedType>
		</InternalInfo>
		<Properties>
			<ObjectBelonging>Adopted</ObjectBelonging>
			<Name>ГруппировкиЗатратВПроизводствеБезЗаказа</Name>
			<Comment/>
			<ExtendedConfigurationObject>6ca0a9df-0415-4e10-81e0-6f80926aa0ca</ExtendedConfigurationObject>
		</Properties>
		<ChildObjects>
			<EnumValue uuid="bb03b67e-5d07-405a-af2e-8a9647075a4b">
				<InternalInfo/>
				<Properties>
					<ObjectBelonging>Adopted</ObjectBelonging>
					<Name>ПоПродукции</Name>
					<Comment/>
					<ExtendedConfigurationObject>1dfbe929-aee0-48d1-b2cb-c8fb55a93e6b</ExtendedConfigurationObject>
				</Properties>
			</EnumValue>
		</ChildObjects>
	</Enum>
</MetaDataObject>