﻿<?xml version="1.0" encoding="UTF-8"?>
<MetaDataObject xmlns="http://v8.1c.ru/8.3/MDClasses" xmlns:app="http://v8.1c.ru/8.2/managed-application/core" xmlns:cfg="http://v8.1c.ru/8.1/data/enterprise/current-config" xmlns:cmi="http://v8.1c.ru/8.2/managed-application/cmi" xmlns:ent="http://v8.1c.ru/8.1/data/enterprise" xmlns:lf="http://v8.1c.ru/8.2/managed-application/logform" xmlns:style="http://v8.1c.ru/8.1/data/ui/style" xmlns:sys="http://v8.1c.ru/8.1/data/ui/fonts/system" xmlns:v8="http://v8.1c.ru/8.1/data/core" xmlns:v8ui="http://v8.1c.ru/8.1/data/ui" xmlns:web="http://v8.1c.ru/8.1/data/ui/colors/web" xmlns:win="http://v8.1c.ru/8.1/data/ui/colors/windows" xmlns:xen="http://v8.1c.ru/8.3/xcf/enums" xmlns:xpr="http://v8.1c.ru/8.3/xcf/predef" xmlns:xr="http://v8.1c.ru/8.3/xcf/readable" xmlns:xs="http://www.w3.org/2001/XMLSchema" xmlns:xsi="http://www.w3.org/2001/XMLSchema-instance" version="2.20">
	<Enum uuid="905be1e8-70d9-431a-a5ab-a42608fa2665">
		<InternalInfo>
			<xr:GeneratedType name="EnumRef.ПорядокРасчетов" category="Ref">
				<xr:TypeId>5efe1d7d-9c7c-4e3b-b4d6-e1b8bc03deb4</xr:TypeId>
				<xr:ValueId>c9af4655-de1a-4ca2-bb62-ac8f3a228b3c</xr:ValueId>
			</xr:GeneratedType>
			<xr:GeneratedType name="EnumManager.ПорядокРасчетов" category="Manager">
				<xr:TypeId>cbba2afc-78d1-4400-883a-6c0fb6030553</xr:TypeId>
				<xr:ValueId>3c5b7946-6273-410a-a1cc-b281a461e646</xr:ValueId>
			</xr:GeneratedType>
			<xr:GeneratedType name="EnumList.ПорядокРасчетов" category="List">
				<xr:TypeId>abf311fb-07c7-423b-b47a-c5fdc11764af</xr:TypeId>
				<xr:ValueId>b55eb121-e6e6-4ded-b325-83e0f8f5d3d6</xr:ValueId>
			</xr:GeneratedType>
		</InternalInfo>
		<Properties>
			<ObjectBelonging>Adopted</ObjectBelonging>
			<Name>ПорядокРасчетов</Name>
			<Comment/>
			<ExtendedConfigurationObject>9b333cc3-56b6-4b71-8111-6ac5626fa947</ExtendedConfigurationObject>
		</Properties>
		<ChildObjects>
			<EnumValue uuid="bbf5cdca-63af-409e-ac34-04b30d23a095">
				<InternalInfo/>
				<Properties>
					<ObjectBelonging>Adopted</ObjectBelonging>
					<Name>ПоЗаказам</Name>
					<Comment/>
					<ExtendedConfigurationObject>27ca6d68-e67a-4889-9637-02a127ea6bb7</ExtendedConfigurationObject>
				</Properties>
			</EnumValue>
		</ChildObjects>
	</Enum>
</MetaDataObject>