﻿<?xml version="1.0" encoding="UTF-8"?>
<MetaDataObject xmlns="http://v8.1c.ru/8.3/MDClasses" xmlns:app="http://v8.1c.ru/8.2/managed-application/core" xmlns:cfg="http://v8.1c.ru/8.1/data/enterprise/current-config" xmlns:cmi="http://v8.1c.ru/8.2/managed-application/cmi" xmlns:ent="http://v8.1c.ru/8.1/data/enterprise" xmlns:lf="http://v8.1c.ru/8.2/managed-application/logform" xmlns:style="http://v8.1c.ru/8.1/data/ui/style" xmlns:sys="http://v8.1c.ru/8.1/data/ui/fonts/system" xmlns:v8="http://v8.1c.ru/8.1/data/core" xmlns:v8ui="http://v8.1c.ru/8.1/data/ui" xmlns:web="http://v8.1c.ru/8.1/data/ui/colors/web" xmlns:win="http://v8.1c.ru/8.1/data/ui/colors/windows" xmlns:xen="http://v8.1c.ru/8.3/xcf/enums" xmlns:xpr="http://v8.1c.ru/8.3/xcf/predef" xmlns:xr="http://v8.1c.ru/8.3/xcf/readable" xmlns:xs="http://www.w3.org/2001/XMLSchema" xmlns:xsi="http://www.w3.org/2001/XMLSchema-instance" version="2.20">
	<Enum uuid="cbebbec7-ffb0-4ed9-bebc-4694d334b2f6">
		<InternalInfo>
			<xr:GeneratedType name="EnumRef.СпособыДоставки" category="Ref">
				<xr:TypeId>7103c2aa-ff7e-46d8-b865-af6f1971fb7f</xr:TypeId>
				<xr:ValueId>d8bf1974-67da-4b5d-aedf-b314f878a4ec</xr:ValueId>
			</xr:GeneratedType>
			<xr:GeneratedType name="EnumManager.СпособыДоставки" category="Manager">
				<xr:TypeId>88fe6a95-137c-4d05-be45-3a1c4e07ee47</xr:TypeId>
				<xr:ValueId>89d055d9-5d1e-45d0-81df-a507d1a797c3</xr:ValueId>
			</xr:GeneratedType>
			<xr:GeneratedType name="EnumList.СпособыДоставки" category="List">
				<xr:TypeId>91402839-24c4-46ac-90ee-c43ca488680e</xr:TypeId>
				<xr:ValueId>cb24b713-10dc-470c-8291-6359cb287cc4</xr:ValueId>
			</xr:GeneratedType>
		</InternalInfo>
		<Properties>
			<ObjectBelonging>Adopted</ObjectBelonging>
			<Name>СпособыДоставки</Name>
			<Comment/>
			<ExtendedConfigurationObject>e84f811f-b8c6-4c9c-9e98-f10ab90f1702</ExtendedConfigurationObject>
		</Properties>
		<ChildObjects>
			<EnumValue uuid="0efb8c7a-c419-4486-b04f-823c01349a58">
				<InternalInfo/>
				<Properties>
					<ObjectBelonging>Adopted</ObjectBelonging>
					<Name>Самовывоз</Name>
					<Comment/>
					<ExtendedConfigurationObject>f442a653-b32b-4be9-9b5e-4a5abb206d85</ExtendedConfigurationObject>
				</Properties>
			</EnumValue>
			<EnumValue uuid="4c8df6ba-5d27-42b6-beec-478838230577">
				<InternalInfo/>
				<Properties>
					<ObjectBelonging>Adopted</ObjectBelonging>
					<Name>ДоКлиента</Name>
					<Comment/>
					<ExtendedConfigurationObject>3c09e30d-ef7d-4e10-9b7e-c3d470857e36</ExtendedConfigurationObject>
				</Properties>
			</EnumValue>
			<EnumValue uuid="2963f9c9-9d3c-45cb-96b8-b75b8f2766c7">
				<InternalInfo/>
				<Properties>
					<ObjectBelonging>Adopted</ObjectBelonging>
					<Name>СиламиПеревозчикаПоАдресу</Name>
					<Comment/>
					<ExtendedConfigurationObject>066e8fb0-3813-4481-b4bf-edfafab4aed9</ExtendedConfigurationObject>
				</Properties>
			</EnumValue>
			<EnumValue uuid="6c67424c-4a4e-4097-9c90-bfba6f269c09">
				<InternalInfo/>
				<Properties>
					<ObjectBelonging>Adopted</ObjectBelonging>
					<Name>СиламиПеревозчика</Name>
					<Comment/>
					<ExtendedConfigurationObject>b983ffd7-6fee-4341-823c-bc970e783c64</ExtendedConfigurationObject>
				</Properties>
			</EnumValue>
			<EnumValue uuid="4becc8a2-3c63-4d09-bca1-ea8e58667024">
				<InternalInfo/>
				<Properties>
					<ObjectBelonging>Adopted</ObjectBelonging>
					<Name>КПолучателюОпределяетСлужбаДоставки</Name>
					<Comment/>
					<ExtendedConfigurationObject>c07693f6-6c15-46b9-8ea5-6560cf995152</ExtendedConfigurationObject>
				</Properties>
			</EnumValue>
		</ChildObjects>
	</Enum>
</MetaDataObject>