﻿<?xml version="1.0" encoding="UTF-8"?>
<MetaDataObject xmlns="http://v8.1c.ru/8.3/MDClasses" xmlns:app="http://v8.1c.ru/8.2/managed-application/core" xmlns:cfg="http://v8.1c.ru/8.1/data/enterprise/current-config" xmlns:cmi="http://v8.1c.ru/8.2/managed-application/cmi" xmlns:ent="http://v8.1c.ru/8.1/data/enterprise" xmlns:lf="http://v8.1c.ru/8.2/managed-application/logform" xmlns:style="http://v8.1c.ru/8.1/data/ui/style" xmlns:sys="http://v8.1c.ru/8.1/data/ui/fonts/system" xmlns:v8="http://v8.1c.ru/8.1/data/core" xmlns:v8ui="http://v8.1c.ru/8.1/data/ui" xmlns:web="http://v8.1c.ru/8.1/data/ui/colors/web" xmlns:win="http://v8.1c.ru/8.1/data/ui/colors/windows" xmlns:xen="http://v8.1c.ru/8.3/xcf/enums" xmlns:xpr="http://v8.1c.ru/8.3/xcf/predef" xmlns:xr="http://v8.1c.ru/8.3/xcf/readable" xmlns:xs="http://www.w3.org/2001/XMLSchema" xmlns:xsi="http://www.w3.org/2001/XMLSchema-instance" version="2.20">
	<Enum uuid="53ac805b-4f67-4457-a5fc-7c88549391da">
		<InternalInfo>
			<xr:GeneratedType name="EnumRef.СтатусыЗаказовКлиентов" category="Ref">
				<xr:TypeId>dcc3f095-66eb-483e-8096-842196b58840</xr:TypeId>
				<xr:ValueId>01b109a6-46bb-42ad-9aa6-fb494a7ce9e3</xr:ValueId>
			</xr:GeneratedType>
			<xr:GeneratedType name="EnumManager.СтатусыЗаказовКлиентов" category="Manager">
				<xr:TypeId>33171ded-7832-407c-8b3c-5668018f2601</xr:TypeId>
				<xr:ValueId>f32cbc26-8eb6-497e-ab66-8f3a1f9916b6</xr:ValueId>
			</xr:GeneratedType>
			<xr:GeneratedType name="EnumList.СтатусыЗаказовКлиентов" category="List">
				<xr:TypeId>36417119-3fc7-44e2-8454-d15bcb881995</xr:TypeId>
				<xr:ValueId>ea9d5c39-6199-41af-95db-7abf84037bb3</xr:ValueId>
			</xr:GeneratedType>
		</InternalInfo>
		<Properties>
			<ObjectBelonging>Adopted</ObjectBelonging>
			<Name>СтатусыЗаказовКлиентов</Name>
			<Comment/>
			<ExtendedConfigurationObject>615d6400-a0e4-494a-ab8f-fb30f2da2d58</ExtendedConfigurationObject>
		</Properties>
		<ChildObjects>
			<EnumValue uuid="b75d8c0d-22c7-43e7-a4be-eb5ab36a0c03">
				<InternalInfo/>
				<Properties>
					<ObjectBelonging>Adopted</ObjectBelonging>
					<Name>КОбеспечению</Name>
					<Comment/>
					<ExtendedConfigurationObject>17f46797-d9e2-4711-b58f-438fd9fb9fcb</ExtendedConfigurationObject>
				</Properties>
			</EnumValue>
			<EnumValue uuid="1a9d2c13-139d-4e63-a805-03a9eb0aa8b9">
				<InternalInfo/>
				<Properties>
					<ObjectBelonging>Adopted</ObjectBelonging>
					<Name>Закрыт</Name>
					<Comment/>
					<ExtendedConfigurationObject>6e7c22c2-a535-440b-b0e8-c70f8e9e2b96</ExtendedConfigurationObject>
				</Properties>
			</EnumValue>
			<EnumValue uuid="577a9f19-fb23-432a-b529-f1de5c28b0da">
				<InternalInfo/>
				<Properties>
					<ObjectBelonging>Adopted</ObjectBelonging>
					<Name>НеСогласован</Name>
					<Comment/>
					<ExtendedConfigurationObject>16d451ca-b855-49b4-a167-5473ecec3266</ExtendedConfigurationObject>
				</Properties>
			</EnumValue>
		</ChildObjects>
	</Enum>
</MetaDataObject>