﻿<?xml version="1.0" encoding="UTF-8"?>
<MetaDataObject xmlns="http://v8.1c.ru/8.3/MDClasses" xmlns:app="http://v8.1c.ru/8.2/managed-application/core" xmlns:cfg="http://v8.1c.ru/8.1/data/enterprise/current-config" xmlns:cmi="http://v8.1c.ru/8.2/managed-application/cmi" xmlns:ent="http://v8.1c.ru/8.1/data/enterprise" xmlns:lf="http://v8.1c.ru/8.2/managed-application/logform" xmlns:style="http://v8.1c.ru/8.1/data/ui/style" xmlns:sys="http://v8.1c.ru/8.1/data/ui/fonts/system" xmlns:v8="http://v8.1c.ru/8.1/data/core" xmlns:v8ui="http://v8.1c.ru/8.1/data/ui" xmlns:web="http://v8.1c.ru/8.1/data/ui/colors/web" xmlns:win="http://v8.1c.ru/8.1/data/ui/colors/windows" xmlns:xen="http://v8.1c.ru/8.3/xcf/enums" xmlns:xpr="http://v8.1c.ru/8.3/xcf/predef" xmlns:xr="http://v8.1c.ru/8.3/xcf/readable" xmlns:xs="http://www.w3.org/2001/XMLSchema" xmlns:xsi="http://www.w3.org/2001/XMLSchema-instance" version="2.20">
	<Enum uuid="cf37c5ba-f281-4c90-a800-cd4c293484e0">
		<InternalInfo>
			<xr:GeneratedType name="EnumRef.СтатусыДействияВидовЦен" category="Ref">
				<xr:TypeId>01e8b273-ca44-4f3b-82b5-a81d3d72ea7c</xr:TypeId>
				<xr:ValueId>79c0c084-3537-44f3-a879-4c64e2029919</xr:ValueId>
			</xr:GeneratedType>
			<xr:GeneratedType name="EnumManager.СтатусыДействияВидовЦен" category="Manager">
				<xr:TypeId>b0bb9d43-d208-4911-be28-85f7f3bd76a6</xr:TypeId>
				<xr:ValueId>c693e4a1-8427-4cfb-b97f-4d6cd539ae3a</xr:ValueId>
			</xr:GeneratedType>
			<xr:GeneratedType name="EnumList.СтатусыДействияВидовЦен" category="List">
				<xr:TypeId>97e77135-1610-4df2-9ac3-f7a3e43ebc4e</xr:TypeId>
				<xr:ValueId>207355cb-aebc-4303-9c4f-ef4f8d41a388</xr:ValueId>
			</xr:GeneratedType>
		</InternalInfo>
		<Properties>
			<ObjectBelonging>Adopted</ObjectBelonging>
			<Name>СтатусыДействияВидовЦен</Name>
			<Comment/>
			<ExtendedConfigurationObject>f059f96f-49ef-4ffe-9d56-771832f636a0</ExtendedConfigurationObject>
		</Properties>
		<ChildObjects>
			<EnumValue uuid="1bd6dfdb-146e-4e80-97fe-61dba1ac23a9">
				<InternalInfo/>
				<Properties>
					<ObjectBelonging>Adopted</ObjectBelonging>
					<Name>Действует</Name>
					<Comment/>
					<ExtendedConfigurationObject>8310e76c-109d-4afc-a081-1e46eec439c9</ExtendedConfigurationObject>
				</Properties>
			</EnumValue>
		</ChildObjects>
	</Enum>
</MetaDataObject>