﻿<?xml version="1.0" encoding="UTF-8"?>
<MetaDataObject xmlns="http://v8.1c.ru/8.3/MDClasses" xmlns:app="http://v8.1c.ru/8.2/managed-application/core" xmlns:cfg="http://v8.1c.ru/8.1/data/enterprise/current-config" xmlns:cmi="http://v8.1c.ru/8.2/managed-application/cmi" xmlns:ent="http://v8.1c.ru/8.1/data/enterprise" xmlns:lf="http://v8.1c.ru/8.2/managed-application/logform" xmlns:style="http://v8.1c.ru/8.1/data/ui/style" xmlns:sys="http://v8.1c.ru/8.1/data/ui/fonts/system" xmlns:v8="http://v8.1c.ru/8.1/data/core" xmlns:v8ui="http://v8.1c.ru/8.1/data/ui" xmlns:web="http://v8.1c.ru/8.1/data/ui/colors/web" xmlns:win="http://v8.1c.ru/8.1/data/ui/colors/windows" xmlns:xen="http://v8.1c.ru/8.3/xcf/enums" xmlns:xpr="http://v8.1c.ru/8.3/xcf/predef" xmlns:xr="http://v8.1c.ru/8.3/xcf/readable" xmlns:xs="http://www.w3.org/2001/XMLSchema" xmlns:xsi="http://www.w3.org/2001/XMLSchema-instance" version="2.20">
	<Enum uuid="f052a73b-d942-4d30-a437-c12ab9fe7708">
		<InternalInfo>
			<xr:GeneratedType name="EnumRef.СтатусыДоговоровКонтрагентов" category="Ref">
				<xr:TypeId>36719d05-6787-401e-b6ab-3809cb25904a</xr:TypeId>
				<xr:ValueId>10ebff33-ebb3-4430-8db7-b07670fc2b0b</xr:ValueId>
			</xr:GeneratedType>
			<xr:GeneratedType name="EnumManager.СтатусыДоговоровКонтрагентов" category="Manager">
				<xr:TypeId>56750301-d965-4caa-96cb-b15451026b90</xr:TypeId>
				<xr:ValueId>46d01e8c-69d2-4881-803a-a5b0da304cd3</xr:ValueId>
			</xr:GeneratedType>
			<xr:GeneratedType name="EnumList.СтатусыДоговоровКонтрагентов" category="List">
				<xr:TypeId>f41b2908-6e14-40cb-bc22-01e65c43d5c3</xr:TypeId>
				<xr:ValueId>23172c5b-b8f3-407e-9409-bee4defae952</xr:ValueId>
			</xr:GeneratedType>
		</InternalInfo>
		<Properties>
			<ObjectBelonging>Adopted</ObjectBelonging>
			<Name>СтатусыДоговоровКонтрагентов</Name>
			<Comment/>
			<ExtendedConfigurationObject>a97bc7cd-71bc-4a54-9059-2a25f48b25d2</ExtendedConfigurationObject>
		</Properties>
		<ChildObjects>
			<EnumValue uuid="e52982bb-c2e7-4228-a964-6165ade4a4c7">
				<InternalInfo/>
				<Properties>
					<ObjectBelonging>Adopted</ObjectBelonging>
					<Name>Действует</Name>
					<Comment/>
					<ExtendedConfigurationObject>981b86f1-d7d8-466e-a92f-27fc8d2dbd51</ExtendedConfigurationObject>
				</Properties>
			</EnumValue>
		</ChildObjects>
	</Enum>
</MetaDataObject>