﻿<?xml version="1.0" encoding="UTF-8"?>
<MetaDataObject xmlns="http://v8.1c.ru/8.3/MDClasses" xmlns:app="http://v8.1c.ru/8.2/managed-application/core" xmlns:cfg="http://v8.1c.ru/8.1/data/enterprise/current-config" xmlns:cmi="http://v8.1c.ru/8.2/managed-application/cmi" xmlns:ent="http://v8.1c.ru/8.1/data/enterprise" xmlns:lf="http://v8.1c.ru/8.2/managed-application/logform" xmlns:style="http://v8.1c.ru/8.1/data/ui/style" xmlns:sys="http://v8.1c.ru/8.1/data/ui/fonts/system" xmlns:v8="http://v8.1c.ru/8.1/data/core" xmlns:v8ui="http://v8.1c.ru/8.1/data/ui" xmlns:web="http://v8.1c.ru/8.1/data/ui/colors/web" xmlns:win="http://v8.1c.ru/8.1/data/ui/colors/windows" xmlns:xen="http://v8.1c.ru/8.3/xcf/enums" xmlns:xpr="http://v8.1c.ru/8.3/xcf/predef" xmlns:xr="http://v8.1c.ru/8.3/xcf/readable" xmlns:xs="http://www.w3.org/2001/XMLSchema" xmlns:xsi="http://www.w3.org/2001/XMLSchema-instance" version="2.20">
	<Enum uuid="5bbc71d7-b469-4243-9c6d-79e10d507ea8">
		<InternalInfo>
			<xr:GeneratedType name="EnumRef.ТипыНалогообложенияНДС" category="Ref">
				<xr:TypeId>16b48114-4032-4713-bfe7-6bcd5141c4e9</xr:TypeId>
				<xr:ValueId>68dc54ff-90d8-48cb-8267-159bb6821bbf</xr:ValueId>
			</xr:GeneratedType>
			<xr:GeneratedType name="EnumManager.ТипыНалогообложенияНДС" category="Manager">
				<xr:TypeId>f1b12aaf-85fa-4507-8a45-59ca0a3f1443</xr:TypeId>
				<xr:ValueId>5b0dd853-d6d0-4802-a1a0-ab51fd2e993c</xr:ValueId>
			</xr:GeneratedType>
			<xr:GeneratedType name="EnumList.ТипыНалогообложенияНДС" category="List">
				<xr:TypeId>49c74b1b-c7a6-4bb0-96af-9baf26970d62</xr:TypeId>
				<xr:ValueId>1df8b114-2092-4042-94d1-1d4dd9105dda</xr:ValueId>
			</xr:GeneratedType>
		</InternalInfo>
		<Properties>
			<ObjectBelonging>Adopted</ObjectBelonging>
			<Name>ТипыНалогообложенияНДС</Name>
			<Comment/>
			<ExtendedConfigurationObject>492f859c-898a-4672-ab31-9d0ca13acabc</ExtendedConfigurationObject>
		</Properties>
		<ChildObjects>
			<EnumValue uuid="3274b53f-4f32-4c5e-9ce1-dd07f75b154a">
				<InternalInfo/>
				<Properties>
					<ObjectBelonging>Adopted</ObjectBelonging>
					<Name>ПродажаОблагаетсяНДС</Name>
					<Comment/>
					<ExtendedConfigurationObject>507f3953-94e1-46ef-8c8d-0688fd890a1d</ExtendedConfigurationObject>
				</Properties>
			</EnumValue>
			<EnumValue uuid="9b9782bc-ecf1-4ea1-a805-fec159e2ec7f">
				<InternalInfo/>
				<Properties>
					<ObjectBelonging>Adopted</ObjectBelonging>
					<Name>ПродажаНеОблагаетсяНДС</Name>
					<Comment/>
					<ExtendedConfigurationObject>5df46640-a48c-42a3-84ec-3c9f97ce2844</ExtendedConfigurationObject>
				</Properties>
			</EnumValue>
			<EnumValue uuid="496f8e4a-9818-4cfa-817f-43f928d3f530">
				<InternalInfo/>
				<Properties>
					<ObjectBelonging>Adopted</ObjectBelonging>
					<Name>ПродажаНаЭкспорт</Name>
					<Comment/>
					<ExtendedConfigurationObject>9f70eac4-2b8c-4400-9fb7-f3d4230ad33e</ExtendedConfigurationObject>
				</Properties>
			</EnumValue>
			<EnumValue uuid="dbe4c09d-d580-48f8-9afe-2ed8fe477f46">
				<InternalInfo/>
				<Properties>
					<ObjectBelonging>Adopted</ObjectBelonging>
					<Name>ПродажаОблагаетсяЕНВД</Name>
					<Comment/>
					<ExtendedConfigurationObject>1270ac55-6965-4dae-b63b-1266cf1cca2a</ExtendedConfigurationObject>
				</Properties>
			</EnumValue>
		</ChildObjects>
	</Enum>
</MetaDataObject>