﻿<?xml version="1.0" encoding="UTF-8"?>
<MetaDataObject xmlns="http://v8.1c.ru/8.3/MDClasses" xmlns:app="http://v8.1c.ru/8.2/managed-application/core" xmlns:cfg="http://v8.1c.ru/8.1/data/enterprise/current-config" xmlns:cmi="http://v8.1c.ru/8.2/managed-application/cmi" xmlns:ent="http://v8.1c.ru/8.1/data/enterprise" xmlns:lf="http://v8.1c.ru/8.2/managed-application/logform" xmlns:style="http://v8.1c.ru/8.1/data/ui/style" xmlns:sys="http://v8.1c.ru/8.1/data/ui/fonts/system" xmlns:v8="http://v8.1c.ru/8.1/data/core" xmlns:v8ui="http://v8.1c.ru/8.1/data/ui" xmlns:web="http://v8.1c.ru/8.1/data/ui/colors/web" xmlns:win="http://v8.1c.ru/8.1/data/ui/colors/windows" xmlns:xen="http://v8.1c.ru/8.3/xcf/enums" xmlns:xpr="http://v8.1c.ru/8.3/xcf/predef" xmlns:xr="http://v8.1c.ru/8.3/xcf/readable" xmlns:xs="http://www.w3.org/2001/XMLSchema" xmlns:xsi="http://www.w3.org/2001/XMLSchema-instance" version="2.20">
	<Enum uuid="e5540033-e431-4654-b730-b220e65565cb">
		<InternalInfo>
			<xr:GeneratedType name="EnumRef.ФормыОплаты" category="Ref">
				<xr:TypeId>c2fc6297-ab73-4bfc-913f-50bbb5e2400b</xr:TypeId>
				<xr:ValueId>7550e188-2acf-4d5e-8760-5767a1de5c13</xr:ValueId>
			</xr:GeneratedType>
			<xr:GeneratedType name="EnumManager.ФормыОплаты" category="Manager">
				<xr:TypeId>cb80c9b6-f7ab-4c5a-85b1-8c9348785417</xr:TypeId>
				<xr:ValueId>a698dd02-eb99-42e3-b9ee-c44b604a3c8b</xr:ValueId>
			</xr:GeneratedType>
			<xr:GeneratedType name="EnumList.ФормыОплаты" category="List">
				<xr:TypeId>243d1205-2101-4a3c-baad-9bfb56e11e52</xr:TypeId>
				<xr:ValueId>b70a1d0c-dbdd-4a43-99ef-52263e1700a7</xr:ValueId>
			</xr:GeneratedType>
		</InternalInfo>
		<Properties>
			<ObjectBelonging>Adopted</ObjectBelonging>
			<Name>ФормыОплаты</Name>
			<Comment/>
			<ExtendedConfigurationObject>8cd09e10-4636-4941-882a-e1d11a583f37</ExtendedConfigurationObject>
		</Properties>
		<ChildObjects>
			<EnumValue uuid="887db6ba-3c7b-48cd-9587-46d84d664e5e">
				<InternalInfo/>
				<Properties>
					<ObjectBelonging>Adopted</ObjectBelonging>
					<Name>Наличная</Name>
					<Comment/>
					<ExtendedConfigurationObject>d450cea1-6bc0-427b-b3f6-68344c8dba57</ExtendedConfigurationObject>
				</Properties>
			</EnumValue>
			<EnumValue uuid="f6cff565-4204-48e0-b644-c1e18451fac1">
				<InternalInfo/>
				<Properties>
					<ObjectBelonging>Adopted</ObjectBelonging>
					<Name>Безналичная</Name>
					<Comment/>
					<ExtendedConfigurationObject>d1e84b1a-e266-4a41-b553-0d030e40bc26</ExtendedConfigurationObject>
				</Properties>
			</EnumValue>
			<EnumValue uuid="0ab7de44-1818-48aa-b8d6-b4d8d44ed4da">
				<InternalInfo/>
				<Properties>
					<ObjectBelonging>Adopted</ObjectBelonging>
					<Name>ПлатежнаяКарта</Name>
					<Comment/>
					<ExtendedConfigurationObject>4cebd4c2-9bdf-4aab-a86b-564c5df1185e</ExtendedConfigurationObject>
				</Properties>
			</EnumValue>
		</ChildObjects>
	</Enum>
</MetaDataObject>